 45,46,48,47,47,48,45,46,47,48,48,48,45,45,49,46,46,45,49,46,45,47,46,48,47,46,48,46,49,45,48,48,47,48,49,46,47,48,48,46,45,47,48,45,45,15:48:08.765
48,49,48,45,48,48,48,47,46,48,45,49,48,47,47,46,45,46,45,46,47,47,48,49,45,48,46,49,49,45,48,46,46,47,46,49,45,47,49,49,47,46,47,45,45,15:48:08.817
46,45,46,45,46,46,47,46,49,45,45,49,47,48,48,46,47,48,45,47,46,45,46,46,46,49,46,49,49,48,45,49,48,49,45,47,47,47,49,48,48,46,49,48,47,15:48:08.869
49,48,48,48,47,45,47,46,45,46,47,47,45,46,45,46,47,49,45,46,46,49,46,46,48,48,47,48,45,46,49,49,47,45,45,48,48,45,48,45,48,48,45,45,49,15:48:08.924
48,49,45,48,47,49,47,48,49,47,47,45,45,46,48,47,49,45,47,46,48,48,46,47,46,45,49,45,48,49,47,47,47,49,48,48,45,49,48,47,49,45,46,49,49,15:48:08.980
46,47,49,47,46,48,45,48,49,45,49,48,48,48,48,49,48,45,47,45,46,49,45,46,47,47,47,49,45,45,46,46,46,47,49,49,47,48,46,46,48,47,46,46,45,15:48:09.031
47,45,46,45,47,49,49,49,47,49,47,48,45,46,49,49,48,47,47,47,46,49,47,49,49,45,49,49,48,46,49,48,45,46,45,47,48,45,45,48,47,48,48,48,45,15:48:09.083
49,47,49,47,47,49,48,48,45,49,49,47,47,47,47,48,46,46,47,47,45,47,45,46,48,49,45,48,45,48,49,48,45,48,49,47,45,48,45,48,45,46,49,46,49,15:48:09.139
48,47,48,48,45,48,45,48,45,46,48,49,47,49,47,48,46,46,49,48,45,46,47,47,47,46,47,49,48,47,46,48,48,49,49,46,47,45,45,46,47,47,45,48,49,15:48:09.192
48,46,45,45,47,47,46,48,47,47,49,46,45,48,48,46,46,49,47,46,48,45,48,48,46,47,49,46,48,49,48,45,48,46,48,48,46,48,45,46,46,48,45,49,45,15:48:09.243
46,49,47,49,45,46,48,48,46,47,47,49,47,46,49,48,47,45,49,48,47,49,48,49,48,46,45,46,48,48,48,49,48,48,46,45,45,49,49,47,47,48,48,46,47,15:48:09.295
47,47,46,47,47,49,47,45,47,45,45,48,49,48,49,48,47,47,46,45,49,46,47,49,46,45,46,46,46,49,45,49,45,49,47,45,46,45,46,48,45,49,48,48,45,15:48:09.351
46,47,46,45,45,46,45,45,48,46,47,49,49,48,49,48,49,48,48,46,47,46,47,45,49,48,47,48,47,45,49,47,49,48,48,49,49,46,47,46,46,45,46,49,45,15:48:09.406
49,45,49,46,48,49,48,49,49,49,46,46,49,49,46,46,46,47,48,48,48,45,47,47,49,49,48,45,47,47,46,46,47,49,45,48,45,46,45,49,45,48,48,49,49,15:48:09.458
49,47,47,48,46,46,49,49,45,48,49,49,49,47,47,49,48,47,46,46,45,47,47,48,48,48,49,49,49,49,49,47,45,48,45,46,46,48,46,45,46,48,49,45,45,15:48:09.510
45,46,47,49,46,47,47,47,49,48,49,49,46,48,47,46,49,47,48,48,47,45,46,46,49,49,48,45,47,48,48,49,46,46,47,47,47,45,45,46,48,46,45,45,49,15:48:09.565
48,47,48,49,48,45,48,46,49,45,49,48,46,45,47,46,49,45,45,45,48,45,46,48,48,49,47,49,47,47,46,45,49,46,45,48,47,46,46,49,45,48,46,46,48,15:48:09.616
45,47,49,45,45,47,49,46,48,47,46,48,47,47,45,49,49,46,47,45,49,49,48,48,49,46,47,49,46,49,48,49,47,45,48,46,49,48,48,49,45,49,47,47,49,15:48:09.668
49,47,49,48,45,46,48,48,45,47,45,46,49,48,49,49,46,47,45,46,49,49,45,45,46,49,46,45,45,45,48,48,47,45,46,45,45,49,45,46,49,48,46,47,46,15:48:09.719
45,47,45,47,46,47,48,49,46,49,45,46,48,47,49,47,46,46,46,49,48,45,48,45,48,45,49,45,48,49,49,48,49,47,48,46,46,49,46,47,46,47,49,45,46,15:48:09.770
48,47,46,46,48,48,48,45,46,46,45,46,47,45,48,47,46,48,47,47,46,48,49,47,45,46,47,49,47,47,46,47,45,46,47,46,48,46,48,46,46,48,46,49,45,15:48:09.825
46,45,45,47,45,48,45,47,49,46,48,46,45,45,48,48,46,45,48,46,46,46,45,46,45,45,49,46,48,45,48,45,45,47,47,48,45,49,46,48,49,49,47,49,47,15:48:09.881
45,46,46,48,47,48,45,49,47,48,49,46,48,47,49,47,47,45,47,46,49,48,48,45,46,49,48,49,48,45,47,49,49,48,46,48,46,47,49,48,48,46,47,45,49,15:48:09.934
46,48,45,48,48,49,49,45,45,46,47,48,45,46,45,49,48,47,49,45,48,47,48,45,45,49,47,48,49,45,46,47,49,48,49,48,45,45,45,47,45,45,48,46,46,15:48:09.986
49,48,46,47,46,49,47,45,46,47,47,49,47,45,49,48,49,46,45,49,45,48,45,46,49,49,49,48,46,47,47,49,46,47,48,46,48,45,47,45,46,48,45,46,48,15:48:10.042
48,46,46,47,48,49,48,46,45,49,47,49,49,46,47,48,49,46,47,45,47,47,48,49,45,48,47,48,48,46,46,47,48,48,45,46,47,45,47,45,49,46,48,45,49,15:48:10.094
47,46,46,45,46,49,48,46,46,48,49,46,45,45,49,46,45,47,47,45,49,46,46,47,48,46,48,49,48,49,47,47,49,48,47,46,49,49,47,46,46,46,45,45,46,15:48:10.145
47,49,47,45,45,47,49,48,46,48,46,47,48,49,49,48,47,45,49,49,49,46,45,48,47,47,45,49,46,46,45,47,49,45,46,45,48,47,45,49,47,48,45,46,49,15:48:10.196
47,48,45,49,47,49,48,47,45,49,48,48,45,45,49,49,45,47,46,48,46,48,46,45,46,45,45,45,49,45,45,47,49,45,48,48,47,45,49,48,48,49,49,49,49,15:48:10.247
47,48,48,45,49,46,45,47,47,45,45,49,45,47,47,47,49,48,49,48,47,46,47,46,49,49,47,47,47,49,46,45,46,47,47,45,49,49,45,46,48,48,47,45,45,15:48:10.300
48,48,47,45,48,46,45,46,46,46,48,46,48,49,45,47,49,49,47,49,49,47,49,45,46,48,45,49,47,45,49,49,45,47,47,45,45,48,48,48,48,46,48,49,49,15:48:10.351
45,47,45,48,47,47,49,47,49,49,47,47,49,48,48,46,45,48,46,47,49,47,46,45,46,49,49,46,47,49,45,49,47,46,45,45,46,47,49,47,46,48,46,47,46,15:48:10.405
46,47,45,45,46,46,48,49,45,47,48,47,48,47,49,47,46,48,46,49,46,47,45,47,48,46,47,47,48,46,48,47,46,49,48,46,48,49,47,45,48,45,47,48,48,15:48:10.459
47,48,47,47,45,48,49,49,48,45,45,45,48,48,46,47,49,48,46,49,47,47,45,46,47,47,47,49,45,49,49,45,47,49,48,45,47,49,45,46,46,45,45,46,49,15:48:10.515
47,47,48,46,49,48,49,48,46,49,46,47,48,48,46,46,49,49,49,47,49,49,49,47,48,48,46,46,46,49,46,49,48,49,45,49,48,48,45,45,45,49,48,47,49,15:48:10.566
48,47,48,46,49,45,46,45,46,47,46,46,48,48,48,47,45,49,49,45,48,48,47,47,45,49,45,48,46,46,46,46,49,46,48,45,46,49,46,49,47,46,48,48,48,15:48:10.619
47,46,47,45,46,47,47,48,48,47,46,46,48,47,48,45,46,49,46,45,48,45,45,49,45,46,47,47,45,47,48,49,47,49,47,47,46,46,46,45,45,49,49,47,47,15:48:10.675
49,45,47,49,46,45,48,45,47,49,46,47,48,48,47,46,49,49,45,47,46,45,47,46,47,45,48,45,48,49,46,47,47,46,45,48,46,49,48,46,47,47,46,49,48,15:48:10.731
48,47,48,49,45,47,45,49,49,49,48,46,45,49,45,49,48,47,47,47,49,45,48,47,48,47,45,46,46,48,45,47,45,49,46,46,48,49,48,47,45,45,45,45,47,15:48:10.785
45,46,48,48,45,47,48,49,49,45,45,49,46,48,48,47,49,46,46,47,49,48,48,48,47,49,46,49,45,46,45,49,48,46,47,46,45,46,48,49,48,48,49,45,46,15:48:10.838
47,48,46,49,46,48,49,49,45,47,45,46,47,46,46,45,45,49,45,46,45,46,46,48,45,49,45,48,45,46,45,45,45,49,46,48,46,46,48,48,46,46,49,48,47,15:48:10.890
49,45,45,47,46,48,46,48,45,49,45,47,46,49,46,48,48,48,47,45,48,48,49,46,45,46,47,49,48,45,46,47,49,48,49,49,45,47,49,49,48,48,48,46,49,15:48:10.942
48,49,47,45,46,49,47,46,48,47,47,49,47,49,48,45,48,45,46,47,49,48,46,46,47,49,45,48,48,45,45,49,45,47,46,46,45,47,47,46,48,46,49,46,47,15:48:10.995
46,46,46,48,46,47,45,45,48,47,48,45,46,45,49,48,47,46,49,47,48,48,48,47,45,46,49,45,45,48,47,45,48,48,45,48,46,46,46,45,47,47,47,45,46,15:48:11.045
48,45,49,48,48,47,48,48,49,46,47,46,45,49,46,48,45,45,49,49,47,47,48,46,46,49,45,46,47,49,49,46,49,48,49,45,45,47,45,45,49,48,48,47,47,15:48:11.097
48,46,46,47,45,47,47,46,45,48,49,48,45,48,46,49,49,47,47,46,47,45,45,47,47,49,49,47,46,46,45,45,48,46,47,47,47,45,47,48,46,46,46,46,48,15:48:11.150
46,47,45,48,46,45,49,45,46,45,47,46,47,47,46,47,49,45,47,49,48,45,46,48,46,47,46,45,47,48,45,45,46,47,49,47,49,48,47,48,47,46,49,48,47,15:48:11.207
47,48,45,45,49,45,46,46,47,49,46,47,47,46,48,46,48,45,45,45,49,45,47,48,45,48,47,48,46,47,47,45,46,45,49,45,47,47,48,46,48,46,45,47,48,15:48:11.261
45,48,47,46,47,47,46,46,47,46,45,47,46,49,48,49,48,47,49,45,48,48,47,45,48,48,46,47,49,47,46,47,48,49,49,49,48,45,47,45,48,47,45,49,49,15:48:11.312
48,48,48,45,49,47,45,49,45,49,48,49,47,46,46,48,47,49,45,45,48,45,46,47,45,49,48,47,48,47,49,49,45,47,49,45,46,45,45,49,47,48,49,49,46,15:48:11.365
48,47,46,46,46,46,45,48,47,49,49,49,48,49,46,47,45,47,48,48,49,46,49,46,46,46,48,45,48,49,49,47,48,46,47,48,45,48,45,49,45,48,49,47,45,15:48:11.416
46,49,47,46,45,48,46,47,49,45,46,47,45,48,45,46,47,45,46,48,46,48,49,47,45,49,48,45,46,49,49,45,46,45,49,46,45,46,46,45,46,45,48,47,49,15:48:11.468
47,46,49,47,45,46,47,49,48,48,49,49,46,47,46,47,49,49,47,47,45,48,45,49,48,47,47,46,49,45,47,45,47,46,48,49,45,45,47,47,47,46,48,47,47,15:48:11.522
47,48,46,45,49,47,45,46,45,46,49,45,46,49,47,45,45,48,47,49,46,48,49,46,47,45,48,49,45,45,47,49,46,48,46,46,46,49,48,48,48,47,45,48,46,15:48:11.659
46,49,47,49,47,46,48,45,48,47,45,45,48,46,49,47,47,45,45,46,48,45,47,46,46,47,49,47,47,48,45,48,49,45,48,45,46,46,48,45,48,48,46,45,47,15:48:11.710
49,45,46,47,46,49,48,49,46,45,47,45,48,46,47,45,45,47,46,47,48,48,47,48,46,47,49,49,47,49,46,49,45,46,45,49,49,45,48,49,48,47,49,48,47,15:48:11.766
48,48,46,46,45,47,45,48,47,47,47,48,47,49,46,45,48,48,48,46,49,45,47,48,47,48,46,47,46,48,45,46,45,46,45,45,49,47,47,48,48,47,45,46,46,15:48:11.820
47,47,49,48,45,46,49,48,47,45,48,46,48,45,45,46,49,45,48,47,49,45,45,45,48,46,48,48,48,45,49,49,46,45,49,45,47,47,45,45,47,46,49,46,45,15:48:11.876
46,48,45,49,45,47,45,48,46,47,49,48,47,48,49,48,49,45,48,49,47,46,46,49,48,47,47,47,45,49,46,49,49,45,46,46,46,46,46,47,48,45,47,49,46,15:48:11.927
46,47,49,49,47,46,45,48,47,48,45,48,45,49,48,48,47,48,48,46,46,47,47,48,46,46,45,47,47,46,45,46,48,49,49,46,48,47,47,48,49,46,46,47,46,15:48:11.980
46,46,48,46,48,45,48,47,48,45,48,46,48,46,45,49,48,46,47,47,46,45,46,47,47,46,49,48,48,49,47,48,47,45,47,49,49,47,47,45,45,47,48,47,48,15:48:12.031
48,49,45,45,47,48,45,47,46,46,49,47,46,46,45,46,45,46,48,47,48,47,48,46,48,48,46,46,48,49,45,47,45,45,49,47,48,47,46,47,46,46,45,45,46,15:48:12.086
46,48,48,45,49,45,45,47,49,45,47,49,47,47,48,49,47,46,45,49,49,49,48,46,47,47,47,48,47,48,49,45,45,48,45,46,45,48,45,49,48,45,45,49,47,15:48:12.138
45,47,47,47,47,49,47,47,49,47,48,48,49,46,45,46,47,46,49,49,47,47,48,45,48,49,46,49,49,46,49,45,48,48,47,47,46,48,47,46,48,46,46,47,46,15:48:12.192
45,46,49,46,47,47,49,45,45,48,48,46,49,48,48,47,49,49,48,48,48,48,45,46,49,46,45,47,47,47,48,46,46,45,49,47,45,45,46,45,45,48,45,49,45,15:48:12.244
49,48,45,47,47,48,45,46,47,49,46,47,46,46,49,45,47,48,49,49,47,45,48,49,46,48,45,47,47,45,48,48,46,47,48,46,49,45,48,47,46,47,46,49,46,15:48:12.301
47,45,45,45,48,46,49,47,46,45,47,45,48,47,48,45,45,45,47,45,47,46,45,48,45,49,46,45,48,46,48,48,47,49,47,48,49,48,45,48,49,47,45,49,48,15:48:12.357
47,46,46,46,45,45,46,45,46,45,47,48,48,46,48,47,46,48,47,46,45,49,48,45,47,47,45,49,47,45,46,47,49,45,47,47,45,49,47,46,48,46,46,47,47,15:48:12.409
46,48,46,46,45,46,46,48,48,47,48,49,47,49,47,48,46,45,48,48,45,47,48,45,46,48,45,45,49,48,48,45,48,47,47,47,47,49,46,46,45,47,45,49,49,15:48:12.461
45,47,45,46,48,47,49,46,46,49,45,46,47,47,48,46,47,47,49,45,49,45,46,48,46,46,48,47,46,48,48,45,48,48,49,47,45,47,46,45,48,49,46,45,49,15:48:12.514
46,48,48,48,45,46,48,47,46,47,45,46,45,49,45,47,46,49,45,48,48,47,49,47,45,48,46,49,49,48,49,45,46,46,48,45,46,48,45,49,49,48,48,47,47,15:48:12.569
47,47,45,45,45,47,49,48,46,48,47,46,45,47,49,47,48,47,45,46,46,46,47,47,45,45,49,46,49,47,47,49,46,47,45,46,46,49,46,49,45,46,47,49,46,15:48:12.622
45,45,47,45,46,47,49,47,49,49,48,45,49,48,45,47,46,48,47,47,47,49,48,49,46,49,45,47,47,47,47,46,46,49,45,45,48,46,45,45,46,47,49,47,46,15:48:12.673
49,45,47,45,46,49,46,48,48,45,48,48,49,49,46,47,47,47,48,46,49,47,46,45,45,49,46,46,45,46,45,45,47,49,48,46,47,46,49,45,45,47,48,45,49,15:48:12.726
47,49,46,46,45,48,48,47,45,48,48,48,45,46,48,46,45,46,45,45,47,46,45,47,46,48,45,48,49,46,46,47,47,45,48,47,48,49,49,46,46,46,45,46,46,15:48:12.782
47,47,49,48,48,47,47,46,46,48,49,46,45,49,48,48,47,45,46,49,45,46,45,48,48,48,49,47,46,49,46,48,49,48,48,48,47,45,46,48,46,45,46,49,48,15:48:12.836
46,49,47,47,49,46,48,45,45,46,45,45,49,48,49,46,49,45,46,45,46,46,46,49,45,46,46,45,45,47,49,46,47,49,46,47,47,46,49,48,46,46,49,48,45,15:48:12.891
47,47,48,48,47,45,47,47,49,46,46,45,45,46,49,47,45,49,45,45,46,47,47,47,46,48,49,47,49,45,46,47,46,46,47,47,49,45,47,49,49,45,47,48,46,15:48:12.944
47,45,47,47,45,45,45,46,45,45,47,45,46,45,47,47,49,49,46,49,48,47,46,45,45,49,45,45,48,49,46,48,47,46,47,45,49,48,48,49,45,45,46,46,48,15:48:12.998
47,46,46,47,48,49,46,47,47,45,47,48,48,46,48,48,47,47,46,45,45,46,49,45,47,49,49,49,46,45,47,45,49,45,45,49,49,48,47,45,47,48,46,46,49,15:48:13.053
45,47,48,48,47,49,48,48,45,45,45,47,47,47,45,46,46,46,49,45,48,45,46,48,46,49,45,45,46,49,46,48,45,46,49,48,47,49,46,47,49,46,47,49,46,15:48:13.109
45,48,46,45,46,48,47,48,49,45,48,47,46,45,45,47,47,45,47,49,47,46,47,49,45,46,49,47,45,45,48,49,45,46,47,45,45,46,49,45,46,45,47,46,47,15:48:13.165
45,48,49,49,45,47,47,45,45,47,47,45,47,46,46,47,49,45,45,48,45,45,46,45,47,47,48,45,45,46,49,48,49,47,49,46,45,48,48,45,45,46,47,47,47,15:48:13.217
48,45,47,48,49,49,49,48,48,48,49,47,49,47,49,46,47,45,48,47,45,46,46,47,48,47,48,45,46,46,47,46,48,49,49,45,48,48,48,45,46,45,48,45,49,15:48:13.270
45,48,49,46,49,45,48,47,49,49,48,47,45,45,45,49,48,47,46,49,47,48,49,45,47,47,45,45,45,45,45,46,48,46,46,49,48,45,47,45,46,49,45,49,49,15:48:13.326
46,47,46,49,49,45,45,48,49,49,48,47,49,47,48,49,45,46,45,45,47,47,46,49,46,45,47,47,45,45,47,49,45,47,48,48,46,46,46,46,47,45,47,45,47,15:49:36.213
49,49,46,45,45,49,46,49,46,45,48,47,45,49,46,48,46,45,46,46,46,47,47,47,45,49,49,49,49,47,48,49,49,48,49,46,47,49,48,49,45,49,49,47,49,15:49:36.268
46,46,47,48,48,48,49,49,47,47,49,47,46,49,49,49,45,46,49,48,49,47,45,46,46,48,47,49,46,47,47,49,48,48,49,49,45,46,47,46,45,47,48,49,49,15:49:36.323
46,45,48,47,48,46,46,45,45,48,45,46,47,47,49,48,49,46,49,47,48,48,48,47,48,47,45,49,46,49,45,48,47,47,46,48,48,48,49,49,45,48,49,48,47,15:49:36.377
45,45,45,48,47,46,45,46,47,46,45,46,46,47,46,46,46,46,46,49,45,45,48,49,48,48,48,48,46,46,48,47,47,49,49,47,48,49,45,45,46,48,46,46,45,15:49:36.428
45,48,46,49,48,47,48,45,47,48,48,48,49,48,47,46,45,47,46,49,45,49,49,46,46,49,46,48,48,45,46,47,46,46,47,47,47,48,49,47,46,48,49,46,46,15:49:36.479
46,49,48,47,47,49,47,46,48,48,48,46,47,46,46,49,47,45,45,46,47,47,46,49,46,48,49,46,46,47,48,49,47,47,48,48,49,48,47,47,49,49,48,48,47,15:49:36.533
48,45,47,47,46,45,46,49,48,49,48,46,48,47,49,47,49,46,48,46,48,46,49,47,45,49,46,47,48,48,46,46,45,48,49,46,48,49,49,46,49,49,46,45,45,15:49:36.590
47,49,45,49,49,47,46,48,45,49,47,47,46,49,49,45,49,47,45,47,47,45,48,47,45,49,49,49,47,45,45,45,49,47,45,49,47,47,46,45,48,47,47,47,49,15:49:36.641
45,46,49,45,48,46,47,46,48,48,48,49,48,48,48,48,45,45,46,47,47,45,47,46,48,45,46,47,45,45,45,46,46,46,47,45,47,46,48,45,48,45,47,47,47,15:49:36.695
45,45,49,48,46,49,48,46,48,49,47,49,45,45,47,45,47,48,49,46,46,46,46,45,45,48,46,48,48,49,47,46,49,48,47,48,45,46,47,45,49,48,49,47,49,15:49:36.748
48,49,48,49,49,49,49,49,47,49,48,46,48,49,49,46,48,48,48,48,48,49,47,49,49,46,45,49,45,47,49,46,45,46,48,47,49,49,45,46,48,46,46,49,48,15:49:36.800
47,49,49,46,45,45,47,49,48,46,47,49,46,49,46,47,45,49,45,48,48,46,45,47,48,48,49,47,48,45,48,46,47,47,47,48,46,45,47,48,49,45,46,46,47,15:49:36.856
47,46,47,47,47,46,48,46,46,46,45,47,47,45,48,47,45,45,48,46,47,49,48,48,47,49,45,47,46,45,46,47,49,47,48,47,47,48,49,47,46,48,47,47,49,15:49:36.912
49,49,45,48,45,49,47,49,47,45,49,46,48,46,47,49,47,46,46,48,49,47,45,48,47,46,49,46,47,45,45,49,46,46,48,49,47,45,45,48,48,46,46,49,47,15:49:36.967
46,47,45,46,49,46,46,45,46,46,49,49,46,47,49,49,47,45,49,48,48,49,46,45,46,47,48,49,46,49,47,47,48,46,48,46,45,46,45,49,48,45,49,49,48,15:49:37.023
45,48,46,47,46,45,45,45,49,48,48,49,47,45,48,47,48,48,47,49,46,48,48,46,48,48,49,45,49,49,46,48,49,48,47,49,49,47,48,46,48,49,48,46,46,15:49:37.075
49,46,45,47,48,47,49,49,47,48,48,49,47,49,49,49,49,45,48,49,46,49,45,46,46,47,48,47,49,49,47,49,47,46,45,48,46,49,47,46,48,48,49,49,48,15:49:37.129
46,46,48,49,48,47,49,47,49,46,47,47,48,47,45,46,48,45,48,46,48,49,46,47,46,49,49,45,48,49,49,48,49,45,46,48,45,46,49,45,45,49,45,47,47,15:49:37.180
47,46,47,47,48,47,45,48,45,46,48,46,49,48,49,45,49,47,45,45,49,45,49,47,48,45,49,46,47,46,46,47,49,48,49,45,47,49,48,45,45,49,46,49,49,15:49:37.231
47,47,48,47,45,48,46,45,45,46,46,48,45,49,45,46,49,46,45,48,47,49,48,46,45,46,49,47,45,45,47,46,49,47,49,45,47,47,45,48,49,46,49,48,49,15:49:37.288
47,47,47,47,47,48,45,46,45,49,47,49,46,45,48,47,48,48,47,46,48,48,47,46,47,46,46,45,47,49,45,47,45,46,46,46,46,46,45,45,47,49,46,46,45,15:49:37.345
46,49,47,47,45,49,46,46,48,48,48,46,45,47,47,49,48,45,47,47,45,47,46,47,49,49,48,45,45,47,48,45,48,49,49,46,47,48,45,47,49,45,49,49,49,15:49:37.396
49,49,49,49,45,45,45,49,48,48,48,48,48,48,49,45,45,45,48,46,49,49,49,47,46,48,45,45,45,47,47,45,49,46,49,48,45,46,47,47,49,48,47,48,48,15:49:37.451
49,46,47,48,49,49,46,49,49,49,49,49,46,49,46,47,47,47,47,47,46,46,47,47,48,49,48,45,46,45,47,48,45,46,46,46,46,45,45,47,46,47,46,49,46,15:49:37.507
48,45,46,49,45,47,45,48,49,46,46,47,45,49,46,48,45,46,47,46,49,49,49,47,47,47,45,45,45,49,46,49,45,48,48,48,48,48,46,46,47,47,49,46,45,15:49:37.559
48,45,49,47,48,49,45,48,49,46,45,46,45,46,45,49,45,46,46,49,49,48,48,46,47,48,48,49,49,46,46,48,45,48,49,45,48,45,46,46,46,49,49,47,47,15:49:37.610
45,47,49,47,47,47,47,45,49,46,48,48,49,46,46,47,46,47,47,46,48,47,48,45,47,48,45,48,47,45,48,47,49,45,49,49,49,45,47,46,48,45,45,47,46,15:49:37.661
48,47,46,48,47,47,49,47,48,47,49,47,48,48,48,48,48,46,46,46,48,46,48,48,48,48,49,47,48,45,45,48,47,49,45,45,45,49,46,46,48,49,47,46,47,15:49:37.713
47,47,49,46,48,47,47,48,47,47,45,48,47,45,48,47,48,46,49,47,45,47,47,47,45,46,46,48,45,47,46,45,47,45,48,45,49,45,45,45,49,48,47,47,45,15:49:37.764
49,45,45,45,45,47,47,48,48,45,49,49,48,47,49,47,48,49,46,47,46,45,48,48,46,47,45,46,47,47,49,46,47,48,45,45,47,49,45,45,45,48,46,45,49,15:49:37.819
48,47,45,46,49,45,47,48,47,48,47,46,47,49,48,47,49,46,47,45,45,48,48,47,47,49,46,45,46,49,47,48,45,47,45,45,47,46,48,46,48,48,45,46,49,15:49:37.870
46,47,46,48,46,47,45,46,47,45,48,47,48,45,45,45,48,47,45,45,49,49,48,45,46,48,48,45,45,45,48,45,47,45,47,45,45,49,48,48,47,46,47,47,49,15:49:37.922
48,48,49,46,48,45,47,45,49,48,49,48,49,47,47,46,45,45,46,45,49,49,47,46,49,46,45,46,46,45,49,47,45,49,48,48,48,49,49,48,46,49,47,46,48,15:49:37.973
47,45,46,47,46,45,45,48,49,47,46,46,48,48,49,45,45,46,48,47,47,45,47,45,45,45,49,47,48,49,46,47,49,45,49,49,45,46,46,47,49,47,49,47,49,15:49:38.025
48,47,45,46,45,48,47,45,48,48,49,47,49,45,48,46,46,45,47,45,46,46,46,47,48,45,48,48,46,47,48,45,48,47,47,46,49,49,48,47,48,49,48,45,45,15:49:38.080
49,49,45,47,46,49,46,47,47,48,46,46,48,49,49,49,48,46,46,45,49,48,45,46,47,49,45,46,45,49,49,45,48,49,48,45,45,45,48,49,46,49,46,48,47,15:49:38.131
48,49,47,48,47,47,48,47,45,47,46,45,48,47,47,49,46,47,48,48,49,47,46,49,45,48,46,48,48,49,45,47,45,45,45,49,48,46,47,47,46,48,48,45,48,15:49:38.183
48,46,49,49,48,47,47,46,48,46,49,45,49,45,49,47,45,48,46,48,45,49,49,47,48,47,47,48,45,49,47,47,49,46,49,48,48,49,48,45,48,47,49,45,49,15:49:38.235
46,48,48,49,49,46,45,48,46,45,46,47,47,45,45,46,45,48,45,49,45,45,49,45,45,48,45,46,45,48,48,48,47,46,49,46,48,45,48,49,48,46,48,45,49,15:49:38.291
49,45,46,45,48,46,49,49,46,49,49,47,48,47,49,49,49,47,47,48,47,45,48,45,47,48,46,49,49,46,47,49,49,48,46,45,45,46,48,46,48,48,48,48,49,15:49:38.347
47,45,48,46,47,47,48,48,46,47,48,48,46,49,46,48,46,45,48,47,47,46,47,49,48,46,47,47,45,49,45,48,46,48,49,46,46,48,49,47,46,48,49,47,45,15:49:38.404
48,47,47,45,48,49,49,45,45,49,46,48,46,48,46,46,49,49,46,48,47,46,49,46,46,47,45,49,45,46,48,46,46,49,46,49,48,45,48,49,46,45,45,45,45,15:49:38.457
46,47,45,46,47,47,46,47,49,46,45,46,45,46,45,49,46,48,48,45,47,47,48,45,48,45,48,47,47,48,48,46,47,49,48,47,48,45,48,47,48,45,45,47,47,15:49:38.509
48,47,46,45,48,49,47,46,46,49,47,47,45,49,45,45,49,48,47,46,45,45,48,47,47,45,45,45,47,48,46,48,48,48,45,47,46,48,48,49,47,46,49,45,45,15:49:38.565
47,46,46,45,48,46,45,48,47,47,46,48,49,45,49,46,45,47,46,47,46,46,45,47,46,48,47,46,47,46,45,48,49,46,46,47,47,45,49,49,47,45,45,49,45,15:49:38.622
49,47,45,48,45,45,45,45,49,46,48,46,46,48,49,47,48,49,45,49,48,48,49,47,47,48,48,47,46,47,46,49,45,46,47,46,46,48,47,49,48,49,49,47,48,15:49:38.677
46,46,46,46,46,45,48,48,45,46,47,48,46,47,46,46,45,47,47,46,48,45,48,47,49,45,46,48,49,49,49,46,47,48,45,49,47,49,47,48,47,46,46,49,46,15:49:38.731
45,49,46,46,45,48,46,49,45,49,49,47,49,47,48,49,46,45,45,49,45,46,46,49,46,46,46,45,46,48,48,48,45,45,49,47,45,45,45,48,45,48,47,47,49,15:49:38.787
45,46,48,48,45,46,47,49,46,46,46,45,46,48,46,49,48,48,48,49,48,47,46,45,45,49,48,48,48,48,47,49,47,46,46,48,45,49,48,46,48,46,48,47,49,15:49:38.840
47,49,46,49,48,47,47,47,45,49,46,48,45,45,47,48,47,49,49,49,45,49,49,46,45,47,46,48,45,49,49,48,45,47,48,47,47,46,45,47,45,45,46,49,48,15:49:38.892
46,46,47,49,45,45,49,47,46,46,47,49,49,49,48,48,46,47,46,48,46,45,47,49,46,48,47,47,48,48,48,46,48,48,46,48,47,47,49,47,45,47,48,47,49,15:49:38.944
45,45,48,46,47,46,45,49,47,48,46,48,49,46,48,49,45,48,46,46,48,47,45,49,45,45,47,45,48,48,46,46,49,46,49,47,47,49,47,48,48,46,49,47,49,15:49:38.997
47,49,47,45,46,49,48,48,46,45,47,48,47,48,47,46,49,45,47,46,49,46,45,46,46,48,49,48,49,46,47,48,48,45,49,48,49,47,47,49,47,47,47,48,49,15:49:39.048
49,45,46,49,46,45,49,45,47,49,46,47,49,46,45,48,48,48,48,47,48,48,48,48,47,48,45,46,49,45,46,46,46,46,45,47,46,49,45,48,49,48,48,47,45,15:49:39.101
49,47,46,49,48,47,48,48,48,46,47,48,45,49,46,47,49,45,46,48,46,48,45,46,46,45,48,45,47,49,46,46,47,49,49,46,49,48,48,45,46,45,48,45,45,15:49:39.153
45,45,46,46,49,46,48,45,47,47,45,45,49,47,49,45,46,46,45,48,47,49,48,45,48,47,48,47,48,47,46,47,46,45,49,47,48,46,48,47,49,47,48,45,45,15:49:39.207
49,48,45,49,48,48,47,45,48,45,48,46,45,47,48,47,49,45,49,46,49,45,48,47,49,49,49,45,48,46,49,49,45,48,47,47,49,45,46,45,46,47,47,49,46,15:49:39.259
45,48,49,49,48,45,46,45,49,47,45,49,45,48,47,45,46,46,46,49,47,48,47,49,47,45,46,48,49,47,45,45,45,47,49,49,48,45,46,47,49,47,47,46,45,15:49:39.310
46,47,49,49,46,48,47,49,49,48,45,49,45,48,47,46,46,47,48,45,48,45,49,48,45,48,48,49,47,47,45,48,46,49,47,45,45,49,47,47,49,49,47,45,47,15:49:39.362
49,46,47,49,48,48,48,46,47,46,48,47,49,46,47,48,48,47,47,49,48,46,48,45,45,48,46,45,48,49,49,46,49,48,46,45,48,48,48,45,47,45,47,45,45,15:49:39.414
46,45,49,47,47,49,45,45,49,45,47,45,49,46,49,49,48,49,47,45,47,47,49,48,49,46,49,49,48,47,48,48,46,49,49,47,45,47,47,46,45,48,49,47,48,15:49:39.466
46,48,49,45,49,46,49,48,45,49,48,47,47,47,47,48,47,46,45,45,45,45,48,45,45,47,49,45,45,48,49,47,46,46,49,49,49,49,47,47,48,46,46,45,48,15:49:39.522
48,45,49,48,45,47,46,49,45,46,46,46,47,45,49,46,47,46,47,46,47,48,46,45,46,48,46,45,47,48,47,47,47,48,47,46,46,48,46,49,47,48,47,48,47,15:49:39.574
49,49,45,45,47,48,49,47,48,47,46,48,47,46,46,46,48,46,45,49,47,47,46,46,48,45,49,46,46,45,49,45,49,45,45,48,47,48,45,46,46,47,46,49,45,15:49:39.627
46,46,46,48,45,46,49,49,49,45,46,49,45,46,47,46,49,47,49,45,48,46,48,48,49,47,47,47,49,45,49,46,47,49,49,47,48,49,47,49,48,47,47,45,45,15:49:39.678
46,49,48,46,45,45,47,45,45,46,48,47,46,45,46,49,45,46,49,45,49,48,46,49,46,49,48,49,49,49,45,48,49,49,47,46,47,49,46,48,47,47,48,49,49,15:49:39.732
46,47,47,49,49,48,47,47,45,47,48,48,48,47,49,45,46,48,47,49,45,45,46,46,48,45,49,46,45,47,46,48,49,49,45,45,47,46,47,49,47,45,48,46,48,15:49:39.783
48,46,49,47,45,45,48,45,45,49,45,45,48,46,46,46,45,46,46,45,49,47,45,46,48,46,48,48,46,46,49,47,46,47,49,45,48,45,47,48,45,49,47,49,45,15:49:39.834
48,48,49,49,45,47,46,49,45,46,46,48,47,47,45,46,46,49,45,47,45,46,48,47,46,46,48,47,47,45,45,49,46,45,47,49,49,49,47,48,45,49,49,47,48,15:49:39.885
46,48,45,48,48,48,46,49,48,48,49,47,48,48,46,49,45,48,46,47,48,45,49,45,46,47,46,48,47,49,47,46,49,48,48,45,48,49,47,49,47,49,47,45,49,15:49:39.940
49,48,46,48,46,47,48,49,47,45,47,49,48,46,46,45,45,45,46,45,47,46,45,49,49,47,46,48,48,47,48,48,48,49,49,49,47,47,45,49,45,49,47,48,45,15:49:39.993
46,49,47,46,45,46,46,47,48,48,47,46,48,46,47,49,47,47,47,48,45,47,45,48,45,47,45,48,46,45,49,49,45,48,49,46,46,47,47,47,46,48,48,46,46,15:49:40.043
49,49,49,45,45,46,47,46,45,49,48,46,49,47,48,47,48,49,47,49,45,47,47,48,48,48,45,49,49,47,48,48,47,48,47,49,45,47,48,46,46,49,49,46,45,15:49:40.099
48,49,48,48,46,46,45,49,47,46,46,46,45,49,45,46,49,48,46,49,49,47,48,47,48,46,45,45,46,46,46,46,47,48,48,45,45,46,45,48,47,46,46,46,46,15:49:40.155
46,48,46,47,49,45,48,47,45,45,47,47,47,49,45,47,45,45,49,48,49,49,46,46,46,47,49,46,47,47,45,45,45,48,46,46,45,49,49,48,45,48,48,48,46,15:49:40.208
47,46,45,46,45,49,47,47,47,49,48,48,47,47,45,46,46,46,47,45,46,48,49,45,48,48,45,47,48,48,49,48,46,49,47,46,45,48,46,49,49,49,49,48,48,15:49:40.260
45,49,45,47,47,46,46,45,49,48,48,46,47,46,46,47,46,45,49,45,45,46,45,47,47,47,46,46,47,46,46,46,49,49,49,45,48,46,47,47,46,49,45,46,49,15:49:40.311
49,47,45,45,47,49,49,46,46,49,45,46,48,47,47,48,46,46,47,47,45,45,48,45,45,49,47,46,45,46,47,45,46,46,46,46,45,46,45,45,48,49,46,45,45,15:49:40.382
47,45,48,49,48,46,49,49,45,46,45,47,47,48,49,46,47,46,46,46,46,48,47,47,49,48,45,45,47,46,49,46,47,49,48,47,47,46,46,45,46,49,45,46,46,15:49:40.437
45,47,46,47,48,45,45,45,46,49,46,46,49,49,47,47,47,45,48,49,45,46,49,49,45,47,49,48,45,48,45,47,45,48,45,48,47,49,47,47,46,47,47,47,49,15:49:40.490
48,47,48,47,49,48,49,46,49,46,48,45,49,49,48,47,47,47,48,45,48,49,45,49,47,49,49,48,46,45,48,45,49,45,49,49,47,47,45,49,46,49,49,45,45,15:49:40.542
46,46,45,45,47,45,47,46,48,48,47,46,49,47,47,47,45,49,48,48,47,49,49,45,45,47,46,45,49,46,47,48,46,45,49,49,49,47,49,48,48,48,46,47,47,15:49:40.595
49,48,48,48,47,48,46,49,45,49,48,46,47,47,45,47,48,45,49,46,45,45,47,48,45,47,47,47,47,45,49,49,48,49,46,47,46,49,45,46,45,49,48,45,46,15:49:40.647
46,49,45,46,46,45,46,48,47,47,45,45,49,49,49,45,47,48,45,49,45,47,49,46,46,49,49,48,49,48,48,48,49,45,47,48,46,48,48,48,46,49,47,49,45,15:49:40.703
46,46,46,47,48,49,46,49,49,45,48,47,47,49,45,49,48,49,45,47,46,45,45,46,49,49,48,47,49,46,45,48,48,46,46,46,48,47,45,45,46,47,49,45,49,15:49:40.757
47,47,47,45,49,48,49,45,46,49,48,45,47,48,45,49,49,45,45,48,49,48,48,45,45,47,49,47,48,48,48,46,49,45,45,46,45,46,49,48,49,49,46,45,49,15:49:40.813
48,47,47,47,49,48,45,46,49,49,48,47,49,45,49,46,46,45,47,47,49,47,46,46,45,49,45,45,49,47,48,47,46,46,48,46,48,48,45,46,46,47,49,45,46,15:49:40.865
47,46,47,49,48,47,47,45,46,47,45,48,45,46,48,46,45,47,49,48,48,45,48,47,45,46,45,49,48,48,46,46,47,46,49,48,47,49,46,45,47,49,47,48,48,15:49:40.919
45,46,47,46,47,49,45,46,48,49,48,49,48,46,45,48,49,49,45,45,47,48,49,46,48,45,46,46,48,48,49,45,48,49,46,46,49,47,49,46,46,49,46,49,45,15:49:40.973
48,46,49,47,46,47,49,49,45,46,45,49,47,47,46,46,45,45,49,45,46,47,45,45,47,47,45,45,47,47,47,45,45,46,47,46,48,48,45,47,48,47,47,46,45,15:49:41.025
48,47,47,47,47,47,48,49,46,48,48,48,46,47,45,45,49,47,46,49,46,45,49,49,46,48,49,45,48,46,46,47,48,46,47,46,49,49,48,47,47,46,45,45,46,15:49:41.081
48,47,48,46,46,46,45,49,49,48,49,45,47,47,48,48,46,49,45,46,48,47,49,47,48,48,48,49,49,48,46,45,47,45,49,45,49,45,45,45,45,46,45,49,45,15:49:41.136
47,48,49,48,49,45,48,49,46,46,48,46,47,49,49,48,47,45,49,45,45,46,47,49,49,45,48,45,47,48,46,48,47,48,45,45,48,48,47,49,47,45,48,47,46,15:49:41.191
47,46,49,49,49,48,45,49,48,47,48,47,49,48,46,45,47,47,48,45,49,49,48,48,47,47,48,45,49,47,49,45,45,49,48,49,45,46,45,49,48,45,49,45,47,15:49:41.246
47,45,45,47,49,45,46,49,45,46,46,49,48,49,46,48,49,45,45,47,46,46,46,47,46,49,48,47,48,46,45,48,48,47,49,49,47,48,48,47,49,46,47,45,46,15:49:41.299
49,48,47,47,48,49,45,49,48,45,45,48,47,45,45,47,49,49,48,45,47,46,47,47,45,48,48,47,46,46,48,46,48,49,48,47,47,48,47,46,47,45,47,45,48,15:49:41.354
46,48,45,45,47,45,46,48,47,47,46,47,48,48,47,46,47,47,46,48,48,46,45,49,48,45,47,47,46,45,46,49,47,47,48,49,47,49,47,47,45,47,48,46,48,15:49:41.409
47,45,45,46,49,49,45,47,45,45,48,47,47,47,45,46,47,47,47,47,48,45,49,49,47,48,49,46,48,49,45,46,48,47,49,49,49,49,45,45,45,49,45,45,45,15:49:41.461
46,47,45,45,48,45,46,48,45,49,49,49,46,48,46,46,45,46,49,49,48,47,49,46,49,46,45,47,46,49,48,48,46,47,48,48,45,47,48,46,49,48,48,45,47,15:49:41.514
46,49,49,46,46,46,45,49,48,49,48,47,49,46,48,47,47,48,49,49,45,46,48,48,47,45,46,49,45,48,47,45,49,48,49,46,49,45,49,48,48,46,45,47,46,15:49:41.567
49,49,49,49,48,46,49,47,48,47,47,49,49,47,47,45,49,49,45,48,49,45,45,47,45,48,45,49,47,46,45,47,49,48,48,45,47,46,46,46,46,45,46,48,45,15:49:41.769
46,48,49,48,45,48,47,45,47,47,47,48,48,45,49,49,47,45,46,49,48,48,46,46,49,46,46,48,46,45,49,48,49,48,48,49,45,49,46,45,47,47,48,46,46,15:49:41.823
46,47,45,45,45,48,49,48,45,46,49,45,48,49,45,48,45,47,48,48,46,48,45,48,45,45,45,45,46,45,48,45,47,49,47,46,45,46,45,47,47,48,47,48,48,15:49:41.876
45,46,45,48,45,48,49,46,47,45,47,49,49,46,47,49,49,46,48,45,49,49,46,46,45,48,47,46,47,47,45,49,47,46,45,49,45,48,49,46,47,45,45,48,46,15:49:41.931
49,49,46,48,48,48,46,46,49,48,49,45,49,45,45,48,45,46,45,45,47,46,47,47,45,49,45,47,49,46,48,48,49,48,45,49,45,45,45,49,45,46,47,45,46,15:49:41.987
45,49,45,48,48,46,47,49,45,47,46,48,46,49,48,47,46,49,47,47,45,47,47,49,45,49,45,49,48,46,47,45,45,46,48,48,47,48,48,45,46,49,45,49,47,15:49:42.041
46,48,46,49,49,49,49,45,48,47,48,46,45,49,47,49,46,48,47,49,48,46,47,48,45,45,45,48,49,49,46,48,45,47,45,49,48,47,48,45,47,47,46,46,45,15:49:42.097
47,47,48,47,47,45,48,49,48,47,47,46,49,46,45,45,45,45,48,46,49,48,45,49,45,47,48,45,49,46,49,48,49,46,47,46,45,49,49,48,48,46,46,49,47,15:49:42.154
47,47,46,49,45,45,45,49,48,45,48,49,48,47,47,48,45,45,47,47,45,47,48,46,48,45,45,47,47,47,47,48,46,47,48,49,47,47,48,45,46,47,46,45,48,15:49:42.205
45,49,47,48,45,45,45,48,48,47,47,47,46,46,48,47,45,48,45,48,46,48,46,48,47,47,46,47,49,48,47,48,49,47,47,49,48,46,47,45,47,48,46,49,48,15:49:42.257
47,46,48,48,49,47,48,48,49,45,45,45,48,48,46,47,48,47,47,46,47,49,45,45,46,46,45,45,45,47,46,49,46,46,47,49,47,45,48,49,49,46,46,47,45,15:49:42.309
45,49,49,45,49,46,45,49,45,47,47,45,48,46,47,48,49,46,46,49,47,48,46,47,48,45,46,46,45,45,46,49,45,46,47,48,47,45,45,49,45,49,47,48,46,15:49:42.364
49,48,45,45,46,48,49,48,45,47,47,45,46,48,47,47,47,45,47,49,45,45,49,45,46,47,49,45,49,49,48,45,45,47,45,47,49,46,45,49,49,47,45,48,48,15:49:42.420
47,46,47,46,46,49,48,47,47,45,45,48,47,45,45,48,48,46,48,46,48,45,45,46,46,48,48,45,45,45,49,49,46,46,45,46,46,48,49,47,47,49,46,48,47,15:49:42.475
46,49,48,45,45,46,46,45,45,48,47,49,45,46,49,45,47,47,48,47,45,46,47,48,47,46,48,47,46,47,48,46,49,45,48,48,46,46,49,49,48,46,46,49,45,15:49:42.527
46,48,47,49,46,47,49,46,47,47,48,46,46,47,46,48,49,46,48,47,46,49,45,45,46,48,45,46,48,46,47,47,46,47,46,45,46,46,45,48,49,46,49,45,46,15:49:42.581
47,46,45,49,49,45,48,47,46,46,46,49,45,45,46,49,49,49,48,45,48,46,48,47,47,45,49,45,45,48,47,47,47,47,49,49,47,45,46,46,46,45,45,46,48,15:49:42.633
47,45,45,46,48,48,48,49,48,48,45,45,45,45,49,48,47,45,46,46,49,45,46,46,48,48,47,49,47,47,47,48,48,45,48,49,48,48,47,46,48,45,48,49,47,15:49:42.684
47,48,49,47,46,47,47,48,47,47,47,47,49,48,48,49,45,47,48,46,49,49,46,45,48,46,45,48,47,45,46,45,48,49,46,45,47,48,48,46,45,46,48,48,45,15:49:42.740
45,47,46,47,48,45,45,46,45,47,45,49,47,48,45,45,49,49,47,46,47,49,46,49,49,45,48,46,49,45,47,49,45,45,49,49,49,46,48,45,49,45,45,47,49,15:49:42.794
49,45,47,46,47,48,46,45,45,47,46,47,45,46,49,47,45,47,49,48,47,48,49,49,45,49,49,46,46,47,49,45,49,46,47,45,46,47,45,45,49,47,49,46,47,15:49:42.846
47,45,48,48,46,48,46,49,47,45,48,47,49,48,47,47,45,49,47,47,45,47,46,49,47,48,46,49,47,45,49,48,45,47,49,48,49,47,45,49,45,46,49,49,48,15:49:42.902
47,46,48,47,48,45,47,49,47,46,49,45,48,47,47,46,48,47,49,45,49,47,46,49,46,49,49,47,47,46,49,48,47,47,48,45,49,47,48,45,48,45,48,47,48,15:49:42.954
47,46,47,45,49,45,45,45,48,46,49,45,46,49,49,47,49,48,47,45,48,49,49,49,47,45,48,49,47,47,46,49,46,45,45,46,47,48,47,45,48,45,45,46,49,15:49:43.008
46,46,47,45,47,45,49,47,47,46,47,46,48,45,48,49,47,48,49,45,46,49,49,48,45,46,47,46,46,45,47,45,47,45,47,45,49,49,49,49,48,49,48,48,49,15:49:43.060
47,45,47,46,49,45,49,48,45,48,48,46,46,48,46,45,45,45,46,46,45,48,45,46,46,48,47,48,45,48,46,45,48,47,45,49,45,46,46,46,45,47,48,47,46,15:49:43.112
46,45,48,49,49,49,48,45,45,46,47,46,45,45,49,45,49,45,48,48,48,46,46,47,47,48,45,49,46,48,47,48,49,45,46,46,48,46,48,45,48,46,47,48,48,15:49:43.167
46,49,47,45,47,47,47,49,47,47,46,46,48,46,48,45,45,46,49,45,48,49,48,46,47,47,47,48,48,45,46,47,49,47,45,49,49,47,46,46,49,48,47,46,48,15:49:43.219
49,48,46,45,48,45,45,48,49,48,45,48,45,48,45,46,49,45,46,45,49,45,49,49,47,48,48,49,47,48,47,48,46,46,49,45,47,46,48,45,47,46,45,49,46,15:49:43.271
49,47,45,45,46,47,49,46,46,45,48,48,48,48,45,48,45,46,49,48,47,45,48,49,49,46,46,45,45,46,46,47,49,46,45,48,48,46,45,48,48,45,47,45,45,15:49:43.322
46,46,49,46,48,48,46,48,46,47,46,47,49,45,46,48,49,45,46,47,46,47,48,49,47,47,46,46,49,49,48,47,49,46,46,49,45,48,49,49,47,49,48,47,45,15:49:43.374
49,45,46,45,46,45,49,48,45,49,47,49,45,46,46,45,45,48,45,47,46,47,45,47,46,49,47,47,45,48,49,45,45,48,46,47,49,49,46,45,48,46,48,45,49,15:49:43.426
48,47,47,48,48,45,47,47,46,49,48,45,47,45,46,47,48,45,48,46,47,46,49,47,49,46,45,47,47,48,48,49,49,49,48,49,48,48,46,47,49,49,49,49,47,15:49:43.478
47,45,46,48,49,45,46,45,47,47,45,48,49,48,45,47,45,47,49,46,49,48,49,49,46,48,46,45,49,48,48,49,48,46,46,47,48,45,46,48,46,45,48,46,47,15:49:43.531
48,47,45,49,47,45,49,46,47,49,49,47,45,49,47,46,47,46,47,46,45,46,47,47,49,47,49,45,48,47,45,49,48,45,49,46,45,49,47,45,47,49,46,48,48,15:49:43.582
48,48,49,49,48,45,47,48,47,45,47,49,47,45,46,49,48,49,45,48,45,48,48,49,49,46,47,49,48,45,47,45,48,45,48,49,45,47,47,47,46,46,49,47,46,15:49:43.637
46,47,46,45,48,47,49,45,48,46,48,49,48,45,45,45,45,45,45,46,49,47,47,48,45,48,46,46,46,49,47,45,45,46,48,49,46,45,47,49,45,49,48,49,49,15:49:43.691
48,46,46,46,45,49,47,48,45,48,47,47,48,49,49,46,48,46,45,49,45,48,48,48,46,49,46,47,47,45,45,47,49,49,47,47,45,46,48,46,48,45,47,48,48,15:49:43.743
46,48,46,47,46,46,48,49,46,45,45,48,49,49,47,47,45,48,46,45,47,48,47,49,48,48,49,47,47,46,45,46,46,47,48,45,47,45,46,45,46,47,47,46,47,15:49:43.794
45,47,45,48,47,47,47,47,49,48,48,45,49,47,49,48,49,48,45,48,46,46,47,47,45,49,48,47,46,47,46,47,48,47,48,46,45,46,48,46,46,49,48,46,49,15:49:43.850
46,49,46,48,46,45,48,45,48,49,46,45,47,45,47,48,45,46,48,49,48,48,49,49,46,47,45,49,45,47,46,48,45,48,47,47,46,49,47,47,49,46,48,47,49,15:49:43.901
48,46,47,46,48,45,46,48,48,47,46,45,47,48,45,46,48,45,48,48,48,49,49,45,46,45,48,47,48,47,48,49,47,45,46,45,46,46,46,48,49,45,46,46,48,15:49:43.957
46,45,48,46,45,46,49,46,49,45,49,45,48,45,46,47,46,49,48,45,49,48,47,45,49,45,45,45,47,45,49,49,48,46,45,45,45,46,47,46,47,45,49,47,45,15:49:44.012
49,48,45,49,45,45,49,47,45,48,46,48,49,46,49,48,46,48,48,45,48,49,47,47,48,47,47,45,45,48,48,45,46,47,46,45,47,48,48,45,47,46,46,45,45,15:49:44.064
49,45,48,45,47,48,47,45,46,48,45,47,47,49,47,45,49,47,45,48,49,49,46,49,49,47,48,45,45,46,49,45,47,46,49,48,49,49,48,46,46,45,46,48,46,15:49:44.117
46,47,45,45,47,47,46,49,49,45,47,46,46,47,46,46,45,49,47,48,45,48,49,48,49,49,45,49,48,48,45,48,47,46,48,45,47,47,47,46,49,49,46,48,49,15:49:44.171
47,49,47,45,49,46,45,48,48,47,47,47,47,48,47,48,48,46,47,47,47,47,47,47,47,48,45,45,47,48,49,47,46,49,49,47,48,45,45,47,49,47,48,49,48,15:49:44.224
45,48,45,46,48,49,48,49,45,49,49,46,45,49,46,48,46,49,45,48,48,48,48,48,46,45,47,45,46,49,46,47,45,49,49,49,48,48,48,49,47,46,45,49,47,15:49:44.278
46,49,46,48,49,45,45,48,48,46,46,48,47,49,48,45,49,47,48,49,48,49,45,49,47,47,46,49,47,46,46,46,46,49,48,48,49,48,47,47,49,45,49,46,46,15:49:44.331
45,47,48,48,47,46,49,48,48,47,45,45,49,47,48,46,48,49,49,47,47,47,46,46,48,45,47,47,49,47,49,45,46,49,48,45,45,47,49,46,49,45,47,47,49,15:49:44.385
45,49,46,47,47,48,45,48,46,45,45,49,45,48,46,49,49,46,48,48,48,48,45,46,49,49,45,49,46,46,47,46,47,47,46,45,48,46,47,49,48,47,46,47,45,15:49:44.441
47,48,45,45,49,49,48,48,48,47,46,46,48,48,46,46,49,46,46,49,45,45,45,45,47,48,47,45,48,48,46,49,48,49,45,47,49,46,46,45,48,47,45,47,46,15:49:44.494
46,48,45,48,49,48,47,46,47,46,48,46,45,48,46,45,45,47,48,49,45,48,45,45,47,47,45,46,47,48,47,49,47,45,45,47,48,46,46,48,49,48,47,45,46,15:49:44.545
49,46,47,49,48,45,49,45,47,46,46,49,46,49,47,46,47,49,47,45,45,47,49,46,47,47,47,46,49,48,48,45,45,49,48,46,48,47,48,48,45,48,47,48,47,15:49:44.599
47,45,47,47,46,46,45,47,46,49,48,45,49,48,46,46,48,45,47,49,49,45,47,49,45,49,48,49,48,49,49,49,48,49,48,46,48,49,49,49,46,48,45,49,48,15:49:44.651
45,46,45,45,48,49,46,45,46,45,45,45,47,47,46,47,47,48,49,45,45,45,47,48,47,48,45,48,46,49,47,46,46,48,49,46,47,45,45,49,49,45,45,48,46,15:49:44.702
48,48,47,47,45,49,45,46,49,46,45,45,48,49,47,46,47,47,48,47,49,45,48,47,48,46,47,47,46,49,45,45,48,47,45,49,48,48,46,49,49,46,47,47,48,15:49:44.757
49,47,48,49,48,49,48,47,47,46,45,48,49,46,45,47,47,45,47,47,48,46,45,47,46,47,45,49,48,48,46,45,49,48,49,49,45,46,46,48,48,45,49,49,45,15:49:44.810
45,46,47,49,48,49,45,49,48,47,49,46,49,49,47,47,45,47,45,47,45,49,45,48,49,47,45,49,46,47,48,45,45,45,46,49,47,46,46,46,46,48,45,46,46,15:49:44.864
49,46,47,48,49,45,45,45,48,49,47,47,45,48,45,48,47,45,45,45,48,45,47,48,49,45,45,45,45,46,47,47,48,46,45,48,49,48,49,48,46,48,48,47,47,15:49:44.918
48,45,46,45,48,45,49,48,49,46,45,49,45,49,46,49,45,48,48,47,45,47,46,49,47,46,48,47,46,47,48,45,46,46,49,48,49,45,49,46,48,47,46,45,45,15:49:44.971
47,46,46,47,45,49,47,49,48,48,48,48,46,48,46,47,47,45,48,47,46,49,48,48,45,48,49,48,49,45,49,47,49,48,45,46,47,46,49,45,48,45,46,48,49,15:49:45.025
46,46,45,48,48,48,45,49,48,47,45,46,45,48,46,46,48,45,47,46,47,49,48,49,46,46,48,46,45,48,47,45,49,46,45,48,46,48,49,45,46,49,47,46,47,15:49:45.081
48,48,46,47,45,49,48,48,48,46,48,45,48,47,45,47,48,49,46,48,47,46,48,45,45,47,48,46,46,45,47,47,45,48,47,46,45,48,46,45,49,49,45,47,46,15:49:45.132
49,46,48,47,49,47,46,47,47,45,47,45,48,49,48,48,47,49,49,45,47,49,45,46,49,45,47,45,47,47,45,49,45,45,46,48,45,47,47,46,47,45,45,46,46,15:49:45.185
48,49,49,48,48,47,47,49,47,46,46,48,45,49,48,48,47,45,46,45,45,49,49,46,46,48,46,46,49,46,49,49,46,45,49,47,49,49,45,49,45,45,45,46,47,15:49:45.240
47,46,46,47,46,46,49,45,46,46,46,47,46,48,47,48,49,45,45,46,45,47,47,48,46,46,49,46,45,45,46,45,48,48,47,45,49,47,46,48,49,49,48,46,48,15:49:45.292
46,48,45,49,49,48,45,48,45,49,46,45,47,45,47,45,46,48,48,45,45,47,48,49,48,49,46,47,47,45,45,47,45,48,45,49,49,48,46,45,49,47,49,47,45,15:49:45.347
48,46,45,48,49,45,45,46,47,46,47,46,45,48,46,47,48,48,49,48,48,49,49,45,45,46,46,45,49,46,45,48,46,49,46,47,45,47,49,45,49,47,46,49,45,15:49:45.398
47,45,46,45,45,48,49,49,45,48,48,46,45,48,48,49,45,47,47,48,46,46,47,49,49,48,49,48,46,48,49,48,49,47,49,45,46,49,45,45,47,46,46,48,49,15:49:45.455
45,48,46,48,46,49,47,47,48,45,47,48,46,45,49,45,48,46,47,47,45,47,45,48,48,48,46,49,45,46,49,47,48,48,49,48,46,45,49,48,49,45,48,49,45,15:49:45.508
47,48,49,46,48,46,49,45,45,45,45,45,49,46,49,46,45,45,49,48,46,48,48,48,46,49,48,46,46,47,45,45,45,49,48,49,45,48,48,46,45,49,45,48,47,15:49:45.560
47,48,49,45,49,47,48,48,46,45,48,46,46,46,49,45,45,48,49,48,49,48,47,45,46,46,49,48,47,46,49,47,47,49,46,48,45,48,49,47,47,46,47,48,46,15:49:45.614
47,46,48,49,46,48,45,47,47,45,47,45,48,48,46,49,48,48,46,47,45,46,47,45,48,48,47,47,49,45,49,46,46,46,48,45,46,47,45,49,45,46,46,48,48,15:49:45.667
45,47,45,47,45,46,47,45,46,48,48,47,48,47,46,47,48,49,46,49,47,49,46,46,46,47,49,48,49,48,48,47,45,45,45,45,47,45,46,48,47,46,46,45,49,15:49:45.719
45,45,49,49,46,48,48,47,48,48,49,49,48,47,47,46,49,49,46,45,49,47,48,48,47,45,48,48,46,48,47,49,48,49,45,46,46,46,49,48,49,49,49,49,45,15:49:45.774
46,49,46,47,47,46,47,49,49,46,46,46,45,46,45,48,49,48,46,48,46,45,49,45,45,49,49,46,48,47,46,49,45,48,45,46,49,49,47,46,47,45,46,48,48,15:49:45.825
46,46,49,47,46,47,45,45,47,49,49,46,49,45,46,47,48,47,47,46,46,46,45,45,49,48,47,45,48,46,46,47,49,48,49,45,45,47,46,49,46,48,46,48,45,15:49:45.876
47,46,46,47,47,46,49,46,48,48,46,48,48,49,46,45,45,46,45,48,45,48,47,46,45,48,46,47,49,47,45,49,47,47,45,47,48,48,49,45,49,48,47,48,48,15:49:45.928
48,46,49,48,49,45,47,46,46,45,48,45,49,47,47,49,48,47,45,45,46,46,48,49,46,47,45,45,45,49,46,45,49,49,49,47,47,48,48,49,47,48,48,49,47,15:49:45.982
49,47,46,46,47,49,45,48,46,46,47,47,46,45,48,48,48,45,47,49,49,45,48,49,45,49,49,48,49,49,48,46,46,47,49,48,48,45,45,46,48,49,49,47,48,15:49:46.038
48,48,47,48,48,45,45,45,48,45,48,45,47,45,48,45,48,49,46,47,48,48,47,48,48,47,47,48,49,46,47,48,48,48,47,48,48,49,45,47,45,46,45,45,45,15:49:46.094
48,47,49,46,46,48,46,47,46,48,49,46,46,45,46,49,46,49,46,45,48,49,46,45,49,49,48,47,46,46,49,49,48,47,46,47,46,47,49,45,49,46,47,45,47,15:49:46.147
48,49,45,45,48,49,45,48,48,49,49,47,48,47,45,49,45,47,48,46,49,47,49,49,49,49,48,47,47,47,47,48,45,47,47,45,49,49,45,45,48,46,46,46,46,15:49:46.204
46,49,48,46,49,47,45,49,47,48,49,49,46,49,49,47,46,47,46,47,46,45,49,49,48,48,48,47,49,49,49,48,48,48,45,48,46,49,46,45,45,47,48,48,45,15:49:46.259
45,46,49,47,46,46,48,47,47,47,48,46,49,49,45,45,47,49,47,45,49,46,45,47,47,49,47,48,45,45,48,49,48,46,49,48,49,49,45,49,45,49,49,46,45,15:49:46.314
46,46,49,47,47,48,48,49,46,48,49,47,45,49,49,47,46,48,48,46,47,46,47,49,46,47,45,45,48,45,49,45,46,45,49,45,49,47,48,45,47,48,45,46,46,15:49:46.365
47,45,45,48,47,45,48,46,48,45,47,48,45,47,48,45,46,46,49,45,46,48,46,45,48,49,49,46,48,47,45,48,48,48,49,49,47,46,46,45,45,49,46,46,46,15:49:46.420
49,49,46,49,48,49,45,46,48,45,49,49,48,46,49,47,47,45,46,46,47,47,49,47,49,49,47,49,45,48,46,49,47,48,47,49,45,48,47,46,47,45,45,45,49,15:49:46.474
49,46,45,45,49,49,48,45,46,49,49,49,49,46,48,45,45,48,45,47,48,49,48,47,46,49,49,46,45,46,49,48,46,49,46,47,49,45,45,47,45,49,47,46,45,15:49:46.526
46,46,46,49,45,46,45,48,49,48,47,45,49,45,45,47,49,49,46,48,49,46,48,49,45,49,47,49,46,45,46,45,46,49,45,45,46,47,48,49,47,45,46,49,48,15:49:46.578
46,45,47,46,45,46,49,46,47,45,47,46,48,46,46,48,49,45,47,45,47,47,47,45,47,46,46,45,46,49,45,48,46,49,46,47,45,48,45,45,49,46,46,49,46,15:49:46.633
48,49,46,46,46,49,46,48,46,47,49,46,49,46,48,46,45,49,47,45,47,48,48,49,45,47,45,48,45,45,48,48,45,48,49,45,45,45,49,46,48,47,46,46,45,15:49:46.689
48,46,48,46,45,49,49,47,49,45,48,45,45,45,47,45,49,49,47,47,49,45,46,45,46,46,49,48,49,47,48,47,49,45,47,46,45,49,49,45,46,46,47,48,45,15:49:46.741
48,49,46,49,49,46,47,49,48,45,45,45,45,46,48,47,48,48,46,47,45,45,49,48,47,46,47,45,46,47,46,45,46,45,45,45,49,49,48,48,49,47,48,48,47,15:49:46.792
48,48,48,47,48,48,48,47,49,47,45,48,48,49,47,47,47,45,49,47,49,47,48,48,46,48,46,45,48,45,45,47,48,45,48,49,45,45,49,46,46,48,45,45,46,15:49:46.847
47,47,47,45,46,47,49,49,45,47,45,47,46,48,45,48,48,47,45,45,47,46,46,45,46,46,45,48,46,49,47,47,46,45,47,45,47,48,46,47,47,48,48,46,49,15:49:46.900
46,45,47,47,45,46,48,47,48,46,49,47,49,48,47,47,46,46,46,45,49,48,48,46,48,45,48,46,45,46,46,46,48,45,48,47,47,46,46,47,48,45,47,45,45,15:49:46.952
45,47,46,47,48,45,47,48,49,45,49,48,49,47,48,46,47,48,49,47,48,48,48,48,45,49,45,46,45,46,47,46,46,48,46,46,45,49,47,46,49,48,45,49,47,15:49:47.008
48,48,46,48,49,47,49,47,46,47,46,47,47,49,47,45,45,49,46,49,48,47,47,47,46,47,46,48,47,49,49,48,45,47,45,46,49,45,46,49,47,45,47,46,49,15:49:47.059
45,45,46,45,46,46,48,46,49,48,48,48,47,46,47,45,48,48,47,49,46,47,45,46,47,47,45,49,46,49,49,49,45,46,49,46,46,46,46,48,45,46,47,46,47,15:49:47.110
46,45,49,45,46,45,47,47,49,46,45,47,46,46,46,45,45,46,46,48,46,49,45,48,45,46,49,48,46,46,47,45,49,47,45,48,46,47,47,46,49,49,47,49,48,15:49:47.162
46,49,49,46,47,45,48,49,49,49,49,46,47,48,48,46,45,47,48,47,46,49,46,47,48,48,47,49,45,45,47,49,46,49,49,46,46,47,47,48,48,46,46,47,49,15:49:47.217
45,49,49,47,45,45,47,47,49,48,47,46,46,47,48,45,46,47,46,46,46,46,49,46,46,48,49,45,48,45,46,46,45,49,47,46,48,47,48,45,47,48,46,48,46,15:49:47.269
48,47,46,47,48,48,49,48,46,48,45,48,47,46,45,48,46,49,46,45,48,48,46,49,49,46,46,45,49,48,47,49,49,46,47,49,46,45,45,48,49,49,49,46,49,15:49:47.325
48,49,48,47,47,46,47,48,46,45,45,46,48,49,46,49,46,46,46,48,47,47,47,49,49,49,48,49,49,49,45,46,48,49,46,46,47,48,46,48,46,45,47,46,48,15:49:47.377
46,46,46,46,48,47,46,49,45,47,49,48,47,47,49,47,47,45,45,47,49,47,47,46,47,46,48,47,48,49,49,49,48,47,49,48,47,46,49,46,47,45,49,46,46,15:49:47.429
47,49,45,49,45,49,47,48,45,47,48,49,46,46,45,47,46,46,47,45,48,49,47,46,47,48,47,48,46,47,48,49,49,48,49,49,46,48,49,48,46,48,49,48,45,15:49:47.481
48,46,46,45,46,48,47,49,48,49,48,47,46,48,49,49,46,45,49,45,47,49,45,48,45,47,49,49,46,46,45,46,45,49,47,47,48,46,49,49,46,47,47,48,45,15:49:47.535
47,49,47,48,48,47,48,48,46,45,47,49,47,46,49,46,47,47,45,48,48,48,46,47,47,48,48,45,47,48,49,46,45,49,47,46,45,49,48,49,48,45,49,45,48,15:49:47.588
45,45,48,47,49,45,45,46,46,47,47,45,45,49,46,49,47,47,49,47,49,46,49,45,49,48,45,48,49,46,46,48,47,49,47,48,48,46,47,47,49,49,46,47,46,15:49:47.642
45,47,45,46,45,47,47,46,49,48,48,48,49,49,45,46,48,45,47,47,47,47,49,48,46,46,45,49,48,45,45,45,45,45,46,46,47,47,48,48,48,47,45,45,45,15:49:47.697
47,49,46,46,49,45,49,45,49,46,48,49,49,47,46,47,47,48,47,45,47,45,46,46,45,49,47,45,47,47,47,46,49,49,47,45,45,49,46,47,47,47,45,48,46,15:49:47.752
45,45,48,48,47,45,46,46,49,48,45,48,46,49,47,47,49,49,48,49,48,45,45,46,49,45,47,48,45,46,47,48,46,49,47,47,47,47,47,48,45,48,49,47,45,15:49:47.807
48,47,49,48,46,49,47,47,46,49,48,47,47,46,49,46,46,46,46,47,47,46,46,48,47,48,45,46,47,46,48,49,46,47,48,49,46,46,45,49,47,47,46,45,46,15:49:47.863
48,48,47,46,45,45,46,48,49,46,48,46,47,47,46,45,45,47,49,45,45,48,47,45,45,49,46,48,45,45,48,45,46,49,45,49,49,46,48,45,47,45,45,45,47,15:49:47.918
48,49,46,49,46,48,45,49,45,48,47,49,49,45,45,45,47,47,46,47,48,45,47,49,45,48,45,47,45,46,46,48,45,49,46,48,48,49,47,46,45,49,49,48,46,15:49:47.974
48,47,46,46,49,47,49,45,47,46,46,45,46,49,48,48,47,45,45,48,47,46,46,46,47,45,46,45,47,45,48,45,49,48,46,48,49,46,47,45,49,48,46,49,49,15:49:48.025
46,45,45,47,47,47,49,48,48,45,46,49,46,49,49,49,45,47,48,46,48,49,46,48,45,47,49,49,48,45,47,45,48,47,46,45,49,45,45,46,47,45,46,49,49,15:49:48.078
47,47,46,48,48,48,49,47,48,48,47,46,45,46,48,46,46,48,45,47,45,48,49,48,46,46,49,45,45,45,46,46,49,48,49,49,47,45,45,49,45,48,48,48,48,15:49:48.135
47,46,46,46,48,47,49,46,45,46,48,46,49,45,46,48,46,46,47,48,49,46,49,46,46,46,45,49,47,49,47,48,47,46,49,46,46,48,46,49,46,47,46,48,47,15:49:48.191
46,48,48,49,48,45,46,47,46,46,49,46,45,46,48,49,49,47,47,48,45,46,45,45,46,45,49,48,49,46,47,48,45,46,49,49,48,47,47,49,48,46,49,49,49,15:49:48.243
48,47,47,46,46,48,49,46,48,45,48,48,46,48,47,49,49,45,49,48,47,46,47,49,47,49,46,46,48,48,47,49,45,49,48,49,45,48,46,46,47,47,48,48,49,15:49:48.299
45,48,45,47,46,48,45,48,49,46,49,47,49,46,46,45,49,46,49,49,47,48,46,45,49,48,46,45,46,46,49,48,47,49,46,46,45,49,46,48,45,48,46,48,49,15:49:48.354
49,49,46,49,49,45,46,47,47,45,48,47,48,49,48,46,46,48,48,46,47,47,47,47,48,47,47,48,46,48,45,46,48,49,48,46,47,46,49,46,46,47,46,48,45,15:49:48.408
49,46,46,48,49,49,47,46,46,46,48,47,45,49,45,49,46,46,49,45,46,48,47,49,49,49,47,46,49,48,47,48,48,49,47,45,46,49,46,45,49,46,46,49,49,15:49:48.462
48,47,46,48,49,47,45,46,45,48,45,48,47,49,48,47,47,48,47,46,46,47,47,48,46,49,49,49,47,46,49,48,49,46,45,45,47,46,47,45,48,49,48,46,46,15:49:48.517
45,48,47,45,48,49,45,47,47,47,49,48,45,46,49,46,46,48,47,45,47,45,48,47,47,47,46,47,48,48,49,49,46,49,48,47,46,47,47,49,45,48,49,46,47,15:49:48.572
49,47,45,48,45,48,49,45,45,46,48,45,46,49,48,48,49,47,46,48,46,47,45,48,46,49,45,46,47,49,45,45,49,46,46,47,49,47,45,47,48,49,45,49,49,15:49:48.626
48,45,46,46,48,45,46,47,48,46,47,48,47,47,49,46,49,48,47,49,48,49,45,46,48,49,45,45,47,45,47,46,48,47,47,49,47,47,47,45,48,49,45,49,45,15:49:48.680
48,46,49,46,48,48,47,46,49,48,45,45,46,49,46,45,45,48,46,47,47,48,48,47,48,45,45,47,46,46,49,46,48,46,45,46,49,46,49,46,49,49,48,45,45,15:49:48.731
49,46,46,45,46,45,47,47,46,49,46,48,46,49,48,45,49,49,47,47,45,47,47,46,45,46,46,47,47,46,45,49,47,48,47,49,45,46,46,49,49,45,47,47,45,15:49:48.786
45,49,45,47,47,46,47,49,47,46,49,45,47,49,49,45,45,46,49,47,45,47,48,45,46,46,45,46,48,49,47,48,48,49,47,49,49,48,45,47,49,45,45,45,46,15:49:48.842
45,48,46,48,49,45,48,47,48,47,46,48,48,45,46,49,45,49,49,45,46,49,49,46,48,49,47,47,48,47,48,49,46,49,49,47,47,47,49,46,49,46,47,45,47,15:49:48.894
49,46,45,46,49,49,46,49,45,48,46,46,46,45,47,47,47,48,49,49,48,49,48,47,45,48,49,45,45,48,46,47,47,47,45,46,45,48,48,47,48,47,48,46,48,15:49:48.949
46,45,48,47,47,47,47,49,45,48,49,45,46,48,49,47,48,46,48,48,46,46,47,48,45,45,45,49,45,46,48,48,48,49,48,47,46,47,48,49,47,49,45,45,49,15:49:49.005
46,47,48,45,47,49,49,45,47,47,45,47,49,45,45,46,45,46,49,47,48,46,49,48,48,48,45,48,48,46,47,45,46,48,46,47,46,45,46,47,49,48,49,45,46,15:49:49.059
49,49,48,46,46,47,47,46,45,49,46,45,48,45,49,47,45,47,46,48,49,45,46,49,46,46,47,48,46,48,48,46,48,45,45,45,45,45,49,49,48,45,48,45,45,15:49:49.114
48,48,49,46,48,47,45,45,47,48,47,48,48,47,48,45,46,49,47,47,46,47,48,49,45,47,48,45,46,49,49,48,45,45,46,49,49,48,46,47,47,49,46,48,46,15:49:49.165
47,45,45,47,45,49,45,48,46,46,47,47,47,48,47,48,47,46,45,45,46,45,46,47,47,48,45,45,47,47,49,49,45,48,45,48,46,45,47,46,46,47,46,47,49,15:49:49.220
46,49,47,49,48,46,46,45,47,48,49,48,48,45,45,49,49,49,46,49,46,45,47,49,49,45,48,45,45,45,45,49,49,46,47,48,45,45,47,49,47,45,47,48,46,15:49:49.274
49,47,47,47,49,49,46,47,46,47,48,48,48,45,49,45,45,47,45,46,45,45,46,48,47,49,45,48,45,48,46,46,45,46,49,47,49,48,45,46,46,46,49,45,49,15:49:49.326
48,46,46,47,45,49,46,48,45,45,48,45,49,45,45,48,47,48,49,48,45,47,49,48,45,47,46,46,47,47,45,49,46,45,45,49,45,49,47,46,45,46,48,46,45,15:49:49.378
46,49,49,48,48,48,48,49,49,47,47,45,49,46,45,46,47,46,45,46,45,47,49,48,49,49,46,47,46,48,46,45,49,47,48,49,47,47,49,47,46,47,48,49,49,15:49:49.433
47,49,49,48,49,49,47,45,49,48,48,49,49,48,45,46,45,49,47,47,46,46,45,45,45,45,49,47,45,48,48,47,47,48,49,45,47,48,49,47,45,48,49,46,48,15:49:49.488
47,45,46,49,47,49,47,48,48,45,45,45,45,48,48,47,49,46,45,46,48,46,47,46,45,47,47,49,46,45,48,48,48,48,49,48,49,49,49,48,48,46,47,47,45,15:49:49.544
47,48,46,49,46,48,47,45,48,45,45,45,47,47,48,46,47,49,47,49,45,49,46,49,45,47,46,46,45,48,47,48,47,49,47,46,46,48,48,49,48,45,49,47,46,15:49:49.602
45,45,47,48,45,47,46,46,46,46,49,46,45,47,48,47,45,48,47,46,46,45,45,46,48,48,45,45,45,48,45,47,45,46,48,45,45,45,48,48,45,46,46,48,45,15:49:49.658
45,45,49,47,49,45,46,45,49,49,46,45,45,45,49,48,46,45,48,46,47,47,48,49,49,47,47,45,46,48,47,49,47,48,45,49,47,46,45,49,45,48,46,47,46,15:49:49.711
46,47,49,45,46,47,49,49,47,45,45,49,49,46,45,46,45,49,47,48,47,49,46,49,49,49,48,47,47,47,48,48,46,46,46,45,45,49,49,46,47,47,49,45,48,15:49:49.764
48,46,47,47,49,45,47,46,46,45,48,45,46,49,49,47,47,47,46,47,45,45,49,46,47,48,45,45,47,46,46,47,46,46,48,46,46,47,46,49,47,49,45,48,46,15:49:49.816
45,48,48,47,47,46,48,48,47,48,47,46,46,47,47,45,48,45,47,49,49,46,45,46,45,48,46,45,46,47,45,47,47,49,49,47,45,49,47,45,46,45,49,48,49,15:49:49.870
45,47,49,49,45,49,46,49,47,46,47,47,47,45,47,47,45,46,47,45,48,48,45,45,49,45,46,48,47,46,47,46,48,47,46,45,47,46,45,46,45,48,49,46,48,15:49:49.926
48,46,49,48,46,47,49,45,48,48,46,45,45,47,45,49,45,47,46,45,46,47,47,46,48,47,48,47,48,46,45,47,46,49,45,48,45,49,47,47,45,49,46,46,45,15:49:49.977
46,45,49,49,45,49,45,46,49,47,49,46,45,49,45,45,46,48,49,49,46,47,45,45,47,49,49,48,48,47,46,49,47,45,49,47,45,47,45,47,45,48,48,48,49,15:49:50.032
47,45,45,47,45,49,47,46,48,45,46,45,48,45,45,47,45,47,47,48,47,46,47,49,45,48,47,46,47,47,48,48,48,49,45,47,47,49,48,48,47,47,49,45,47,15:49:50.087
46,49,45,46,48,49,47,45,46,46,48,49,45,45,45,47,49,46,48,45,48,49,46,48,47,47,46,49,46,45,49,48,48,46,49,48,45,46,46,47,45,49,47,47,48,15:49:50.143
47,48,48,49,48,48,45,48,46,46,46,49,48,49,48,48,47,45,45,45,45,45,46,45,45,47,48,49,48,49,49,47,48,49,49,47,49,47,48,46,47,48,46,48,49,15:49:50.194
46,45,48,46,48,48,45,46,45,49,47,48,46,47,46,49,46,49,48,47,48,48,46,45,47,47,45,49,47,46,45,47,49,45,45,49,48,45,48,46,46,49,48,45,47,15:49:50.250
46,46,49,49,48,46,49,49,45,46,48,49,48,47,49,49,48,49,46,47,49,46,45,46,49,48,47,48,47,48,46,49,45,48,46,46,48,46,49,49,49,48,48,47,45,15:49:50.306
48,47,47,49,49,49,46,46,47,45,48,48,46,48,48,49,47,49,48,47,48,49,46,45,49,48,46,47,49,49,46,49,47,46,47,49,49,47,46,45,46,47,47,48,46,15:49:50.361
45,46,49,47,47,45,49,46,48,47,48,47,46,45,47,48,49,48,49,46,46,46,45,46,47,48,48,47,49,48,48,46,48,47,48,49,48,47,48,45,47,48,49,48,45,15:49:50.417
46,46,46,45,48,46,49,45,46,45,46,49,48,49,46,45,46,45,47,48,49,47,47,46,48,49,46,45,49,47,48,45,45,49,46,49,45,45,49,46,48,49,46,46,45,15:49:50.470
47,46,47,49,46,45,47,46,46,45,46,46,47,48,46,46,49,49,49,48,48,46,47,45,47,49,47,48,46,46,48,49,47,47,46,45,45,49,48,45,49,45,47,49,46,15:49:50.524
47,46,49,48,45,49,47,46,48,46,49,46,48,48,46,48,48,48,49,48,45,46,48,45,49,46,48,48,45,47,45,49,47,45,49,47,47,45,45,49,47,49,49,46,47,15:49:50.580
45,46,49,46,46,49,45,48,45,46,49,47,46,47,49,47,47,46,47,45,45,45,45,48,47,49,45,48,46,48,49,47,45,48,46,48,48,46,45,46,47,45,45,47,46,15:49:50.631
46,46,49,46,49,47,49,47,47,45,45,48,46,49,48,47,46,45,49,48,48,47,47,46,45,45,48,47,49,47,47,49,45,45,48,47,45,45,49,45,45,46,48,49,45,15:49:50.683
48,46,46,49,47,45,48,47,47,48,47,47,45,47,45,49,48,45,45,48,45,47,46,45,47,49,47,45,48,48,49,49,48,48,47,45,45,46,49,45,49,45,45,49,49,15:49:50.734
46,45,46,45,48,46,48,48,47,49,48,46,49,49,48,47,47,49,48,45,45,47,46,47,49,46,47,49,49,45,49,48,45,49,48,48,47,49,45,45,47,47,46,47,48,15:49:50.790
47,45,47,46,45,48,48,48,47,45,47,49,46,48,45,46,46,46,45,45,47,47,45,48,47,46,45,48,46,46,47,48,47,47,46,49,47,45,49,49,46,47,49,48,47,15:49:50.843
46,47,49,48,49,49,47,47,48,46,48,45,47,49,49,45,49,46,48,47,48,47,47,48,47,47,46,47,46,47,45,47,48,45,48,46,45,48,47,45,46,48,47,49,46,15:49:50.897
49,49,47,49,46,49,47,48,47,49,45,46,47,49,48,49,48,49,47,49,48,45,49,45,46,45,45,46,45,48,45,46,46,48,48,48,49,49,48,47,48,47,45,49,49,15:49:50.950
48,47,48,49,47,47,47,47,49,46,45,47,48,46,49,47,45,48,48,45,45,49,49,49,46,46,45,48,45,49,49,45,46,45,45,48,45,48,45,45,48,47,46,45,45,15:49:51.004
48,49,46,48,46,48,47,49,48,46,46,49,46,49,45,49,46,47,45,48,45,47,47,48,46,49,47,47,46,47,46,47,47,49,49,48,45,46,47,49,48,48,49,48,48,15:49:51.058
46,48,48,49,47,49,49,47,47,48,48,48,49,46,47,47,45,48,48,49,49,46,45,45,45,49,47,49,47,45,45,48,49,48,47,47,45,47,48,45,49,48,49,48,48,15:49:51.109
48,46,49,46,47,45,45,48,45,48,47,45,49,48,45,49,49,45,47,46,45,47,45,47,49,45,49,45,48,45,45,48,49,45,46,46,46,49,47,47,48,47,49,47,48,15:49:51.164
46,49,45,47,49,47,47,48,49,49,46,46,49,47,48,48,48,47,49,46,48,48,46,46,48,49,45,48,48,49,47,48,45,49,48,48,49,47,48,49,46,48,49,46,46,15:49:51.216
45,48,48,49,45,49,47,46,46,46,49,45,45,45,46,46,46,45,45,46,47,48,48,48,47,46,49,45,49,48,46,46,45,48,49,49,46,47,47,47,46,47,46,49,45,15:49:51.268
45,47,47,49,48,49,48,45,46,46,48,47,48,47,45,46,46,49,48,49,47,49,48,48,49,48,48,48,48,46,46,47,47,46,47,48,48,45,47,45,48,49,47,49,46,15:49:51.322
48,45,49,48,45,49,49,49,47,48,45,45,47,45,49,46,49,49,46,47,49,46,49,46,45,46,48,49,47,48,46,46,46,45,49,49,49,47,49,45,45,45,45,46,49,15:49:51.374
48,46,47,48,45,49,46,46,49,47,46,47,46,46,46,47,48,45,47,46,45,49,48,48,48,45,47,45,48,45,45,48,49,45,48,48,45,48,47,46,49,48,47,49,49,15:49:51.427
48,49,49,46,48,49,45,47,45,49,45,46,48,47,48,47,49,47,45,45,45,49,45,48,47,48,49,47,45,46,46,48,48,48,46,48,48,47,47,47,45,46,49,49,46,15:49:51.483
49,48,45,46,45,49,47,48,47,45,47,45,46,45,47,48,48,46,48,49,49,46,48,47,47,47,49,46,46,47,48,46,49,45,45,49,46,48,47,49,48,46,49,49,49,15:49:51.538
46,45,46,45,48,47,45,49,47,49,47,48,46,49,49,46,47,47,46,46,47,47,48,49,46,48,49,45,49,45,47,49,47,46,49,48,49,46,49,46,46,48,45,49,46,15:49:51.591
46,49,48,47,47,48,48,46,46,45,45,45,48,47,49,46,48,47,48,47,46,45,45,46,47,45,48,48,48,47,48,45,48,49,49,49,46,46,48,48,48,49,46,48,49,15:49:51.642
45,45,45,45,45,45,48,47,48,48,49,45,48,45,48,48,47,46,46,48,49,45,47,49,48,46,48,47,46,48,47,45,49,49,49,47,47,46,47,45,47,45,47,45,49,15:49:51.697
46,46,46,49,47,45,45,48,48,49,45,46,48,45,45,47,49,45,48,45,48,48,46,49,47,45,48,49,45,46,48,49,49,48,45,48,49,48,45,49,45,47,49,45,46,15:49:51.749
47,45,45,49,47,45,48,48,49,46,45,45,46,48,48,46,46,47,49,45,46,48,46,46,48,49,48,48,49,46,47,47,45,45,46,45,46,46,47,47,47,46,49,49,45,15:49:51.800
48,45,49,48,47,46,47,49,47,49,46,48,49,47,45,49,46,46,48,46,45,46,48,48,47,47,49,45,46,46,45,49,47,46,45,45,45,47,46,48,45,47,45,47,47,15:49:51.856
46,46,45,46,49,46,47,49,47,49,47,47,47,45,49,47,48,49,47,45,49,49,47,46,47,46,46,47,48,48,46,49,48,45,49,47,45,49,48,47,48,48,47,46,46,15:49:51.908
48,45,48,46,49,48,46,46,46,49,46,46,46,48,49,45,49,47,49,49,49,47,47,48,45,48,48,49,46,49,49,46,45,45,46,49,47,47,49,49,48,49,45,46,49,15:49:51.964
47,46,47,49,47,46,45,47,45,48,45,45,49,47,46,46,45,45,49,47,46,48,46,48,48,46,49,46,46,46,49,47,45,48,47,49,45,48,47,49,47,48,49,49,48,15:49:52.020
47,45,47,49,48,49,45,48,47,47,46,49,45,47,45,47,49,49,49,49,48,46,47,47,45,45,49,47,49,49,46,46,46,48,46,49,48,49,46,47,45,46,45,46,48,15:49:52.072
47,46,49,47,47,45,47,49,46,47,49,47,49,48,46,49,48,48,47,47,49,48,48,46,45,48,48,49,48,46,48,49,47,45,45,45,48,48,46,48,46,49,45,49,47,15:49:52.124
45,45,45,48,45,49,49,46,49,49,46,47,48,45,46,45,49,48,49,45,49,46,47,49,47,45,45,47,46,45,47,45,49,46,45,48,47,49,47,49,47,47,48,46,45,15:49:52.180
48,49,45,49,46,47,49,45,47,48,45,45,45,48,48,45,48,49,46,47,49,48,47,47,46,45,48,47,47,46,45,46,49,47,45,46,47,49,45,47,49,45,45,45,46,15:49:52.233
49,46,49,47,48,49,47,46,49,49,48,48,45,49,45,47,48,49,46,47,45,47,47,47,47,45,45,49,45,45,47,47,47,49,49,49,46,46,47,47,48,48,47,49,48,15:49:52.288
45,49,45,49,48,46,48,47,48,48,48,47,48,48,48,46,47,47,45,49,46,49,48,47,45,47,48,48,45,49,47,49,47,48,46,46,48,48,47,47,48,49,46,48,45,15:49:52.344
48,47,48,48,48,48,47,46,46,47,49,48,47,49,49,48,47,48,48,48,49,45,47,46,48,45,47,46,49,47,47,49,46,49,45,49,49,49,45,47,45,49,45,46,45,15:49:52.395
49,46,47,46,46,45,45,49,45,48,45,49,49,47,48,48,46,49,47,46,47,47,46,48,47,47,48,45,49,47,47,45,46,45,49,47,47,48,45,49,45,46,46,49,48,15:49:52.447
47,49,46,45,48,46,49,48,49,47,47,48,45,46,49,46,45,45,45,49,47,46,46,48,47,47,46,46,49,45,49,49,45,47,45,46,47,46,46,48,45,45,49,47,45,15:49:52.502
49,45,46,46,47,45,49,47,46,47,48,49,46,46,46,47,48,46,49,46,48,47,45,49,49,48,48,49,47,48,49,46,47,45,45,47,48,46,45,49,48,47,48,49,45,15:49:52.558
47,49,47,46,47,45,49,48,45,45,47,47,46,48,48,46,46,45,45,47,48,47,45,45,46,48,49,45,46,45,47,45,46,47,46,47,49,47,47,49,46,49,48,46,48,15:49:52.613
49,47,47,48,45,45,46,45,47,49,48,45,47,49,46,46,46,48,45,45,45,48,46,47,49,49,47,46,45,45,46,47,48,47,47,47,47,47,48,49,45,48,49,48,48,15:49:52.673
48,47,47,45,47,46,45,49,48,46,45,46,45,46,48,47,48,47,49,45,45,46,45,47,48,46,48,46,49,46,45,45,49,48,45,46,45,48,45,45,48,48,47,49,48,15:49:52.724
46,47,48,47,49,47,47,47,45,49,48,49,46,45,45,47,46,49,49,49,46,46,48,47,45,48,45,46,47,47,48,45,47,47,46,45,49,45,46,49,47,46,48,47,46,15:49:52.778
46,49,49,49,48,46,47,48,46,49,47,49,45,45,49,46,49,47,49,48,46,46,47,47,47,46,49,48,47,49,46,46,46,46,47,47,48,46,48,47,49,48,48,48,46,15:49:52.830
48,49,45,45,45,45,49,48,45,46,45,45,49,47,49,45,48,47,47,49,48,45,46,48,47,49,47,45,45,45,46,49,45,46,48,45,46,45,45,46,46,46,49,46,46,15:49:52.883
46,49,45,48,46,47,47,45,48,45,49,48,49,48,48,49,45,48,45,46,49,45,47,47,47,48,48,47,45,47,48,47,47,48,47,47,49,49,49,47,47,46,49,47,49,15:49:52.939
47,47,49,45,47,48,47,49,45,47,49,49,45,49,47,46,48,48,45,47,48,48,46,49,48,47,46,47,49,48,45,45,45,48,47,48,45,45,47,47,46,49,46,48,49,15:49:52.994
46,49,47,46,46,48,48,48,46,48,49,46,47,48,45,47,47,49,49,47,48,46,47,45,49,49,47,48,45,48,46,46,49,47,45,48,47,47,47,45,47,49,46,49,47,15:49:53.045
46,48,47,46,47,49,49,45,48,48,46,49,45,45,46,49,46,48,45,46,48,48,47,48,46,48,45,49,46,49,49,49,48,45,48,45,45,45,48,45,48,49,49,48,48,15:49:53.100
48,48,47,47,47,48,46,49,49,47,49,48,49,48,48,46,49,45,46,49,47,46,47,47,49,47,45,48,45,49,45,45,48,48,49,49,45,49,45,46,48,45,45,47,45,15:49:53.155
48,46,49,47,48,49,49,47,45,48,49,49,46,48,49,49,45,49,45,47,46,49,46,47,49,48,49,49,48,48,49,46,46,47,45,45,45,48,46,48,49,48,49,47,49,15:49:53.208
45,46,47,45,46,45,49,48,49,47,45,45,48,49,46,48,46,49,46,47,48,49,48,45,47,45,45,46,48,48,45,49,49,45,45,45,45,45,48,47,47,49,48,48,46,15:49:53.260
46,45,46,45,45,46,49,45,48,46,49,48,47,47,45,48,47,46,49,45,45,46,47,46,49,48,48,45,49,47,48,46,48,48,46,48,45,49,47,45,48,46,48,46,45,15:49:53.312
49,49,48,45,47,47,46,49,49,46,47,46,47,45,49,46,47,48,45,49,45,48,47,49,47,45,46,49,45,45,46,45,47,49,48,45,46,46,45,47,48,48,49,46,45,15:49:53.366
46,45,46,46,46,47,45,48,48,47,48,48,45,45,47,48,49,48,47,48,46,45,48,45,47,49,49,46,47,48,49,47,46,45,46,49,47,45,45,49,45,47,48,49,45,15:49:53.418
47,46,46,46,49,48,49,47,48,48,48,45,48,49,49,49,49,48,48,49,46,46,48,46,46,48,48,45,48,48,48,47,47,47,46,48,49,49,48,47,49,47,46,47,47,15:49:53.471
48,46,47,45,48,48,46,48,49,49,48,48,48,47,46,49,47,48,45,46,47,46,47,47,47,48,48,48,49,49,47,49,48,45,48,45,47,49,49,45,49,48,48,46,46,15:49:53.524
48,49,46,49,45,47,48,45,47,45,47,47,47,49,47,45,47,45,48,46,47,45,47,46,46,49,48,45,46,49,49,46,46,46,45,49,49,46,45,46,48,49,49,45,48,15:49:53.577
49,46,47,49,46,48,45,48,49,49,46,45,46,48,45,49,48,48,45,47,48,46,45,46,49,46,46,47,48,47,45,48,49,48,48,46,45,45,48,46,47,49,47,45,48,15:49:53.632
48,48,46,49,49,49,49,45,49,48,45,48,46,46,48,49,48,49,48,49,47,48,45,45,49,49,49,48,45,49,48,46,47,47,45,48,46,49,45,46,49,47,46,47,48,15:49:53.689
47,47,48,46,48,45,49,45,47,45,48,45,45,47,49,47,47,48,49,49,46,48,46,47,49,47,45,47,47,48,46,48,48,48,47,46,47,45,49,46,45,47,49,45,48,15:49:53.741
49,49,46,49,48,46,45,45,48,45,45,48,45,47,48,48,49,47,48,49,49,47,48,45,47,48,49,46,49,46,48,46,48,47,45,48,46,45,48,48,46,45,46,48,46,15:49:53.794
47,47,46,47,48,47,45,45,45,49,46,48,45,46,49,49,48,49,47,47,46,48,45,45,46,46,45,46,49,45,49,48,46,45,46,47,48,47,47,49,49,47,48,46,46,15:49:53.845
47,48,47,45,45,48,45,45,46,45,49,46,45,48,46,46,47,49,49,47,49,47,46,48,46,49,48,49,45,47,48,47,49,49,47,46,46,48,47,46,46,49,49,48,48,15:49:53.901
47,48,46,49,47,46,47,46,48,48,45,45,46,49,48,46,46,49,49,49,46,46,46,45,47,45,48,49,47,47,46,49,46,49,48,45,47,49,46,49,45,45,49,46,48,15:49:53.957
46,49,47,46,48,48,49,49,47,45,45,46,47,46,49,47,46,45,45,47,47,48,45,47,49,46,48,46,46,47,46,47,45,47,47,49,46,46,49,46,46,47,46,48,48,15:49:54.011
49,46,47,45,45,47,48,47,49,49,47,46,45,45,45,45,45,47,46,48,45,46,45,46,47,46,49,48,47,46,48,45,48,49,45,47,49,48,45,45,47,49,45,49,48,15:49:54.067
49,47,47,47,47,47,48,48,49,49,47,47,49,45,47,49,46,49,49,48,49,47,49,49,46,49,46,47,46,46,45,46,49,46,47,46,49,47,47,48,48,45,47,45,48,15:49:54.120
49,45,48,45,48,45,46,46,45,45,48,46,45,48,48,47,45,49,48,48,47,49,48,48,47,48,46,49,46,48,48,45,49,49,47,48,47,48,45,46,48,45,45,49,47,15:49:54.174
49,48,45,49,45,48,46,48,49,45,46,48,47,49,45,46,46,46,49,46,47,47,49,49,46,47,46,48,47,45,47,45,48,48,49,49,48,46,45,48,46,49,46,45,45,15:49:54.229
46,49,45,49,46,47,48,48,49,48,46,45,45,49,48,46,49,49,48,45,49,45,47,46,49,46,47,47,46,48,48,45,45,48,47,45,45,45,48,49,47,46,45,46,47,15:49:54.282
49,48,47,49,49,48,49,48,45,45,46,48,48,46,47,48,47,46,49,47,47,49,47,49,46,47,48,45,47,47,47,47,48,46,49,46,48,45,49,45,46,45,48,46,49,15:49:54.334
48,49,48,45,49,46,48,49,47,49,46,48,47,47,45,48,49,46,46,48,46,48,46,48,49,46,49,48,48,49,46,49,49,48,46,46,46,47,45,47,48,47,47,45,48,15:49:54.390
46,47,46,46,48,47,45,48,49,47,45,47,47,48,45,45,46,49,48,46,46,46,46,45,47,45,47,45,49,48,45,46,46,49,45,46,47,49,49,46,49,45,46,47,45,15:49:54.444
46,47,45,47,46,47,47,48,47,46,47,45,48,45,47,45,45,46,47,48,45,49,49,48,48,49,48,49,49,48,49,48,48,47,47,47,48,45,46,45,49,45,46,47,48,15:49:54.497
49,47,46,49,48,47,47,46,47,45,47,49,48,46,47,49,48,49,47,47,48,49,47,48,45,47,49,46,46,46,45,45,45,48,45,49,46,45,49,47,49,47,48,48,46,15:49:54.553
48,49,45,48,47,46,48,46,47,46,48,45,45,47,48,45,45,47,46,45,46,46,46,48,49,46,45,49,47,48,45,48,46,48,46,47,48,46,45,45,47,49,49,48,47,15:49:54.608
49,45,48,49,46,47,46,46,49,49,47,49,45,49,45,47,46,46,48,46,48,45,48,47,48,46,49,46,45,49,49,48,45,45,47,47,49,49,48,48,49,47,49,49,48,15:49:54.659
49,48,47,49,46,49,46,48,45,46,45,46,48,48,45,45,46,45,48,45,46,48,48,49,49,45,45,48,46,48,48,49,46,49,45,46,46,49,48,45,45,46,46,45,48,15:49:54.714
48,49,49,49,49,48,49,46,49,48,49,49,47,47,48,47,47,47,48,48,46,46,46,47,45,47,47,49,45,47,46,48,48,47,48,48,46,48,45,49,49,47,49,46,45,15:49:54.770
46,47,48,46,49,47,47,48,46,48,46,49,49,47,48,46,47,46,48,48,46,48,47,46,49,49,47,46,45,46,49,49,46,47,48,48,48,48,48,47,46,49,47,46,48,15:49:54.827
47,48,47,45,45,47,47,45,45,45,46,47,48,45,46,45,47,48,46,48,46,49,47,47,46,45,49,48,47,46,46,45,49,45,47,48,49,45,49,46,48,48,47,46,49,15:49:54.880
49,48,48,47,49,45,49,45,49,46,46,45,47,48,45,47,49,48,46,47,45,46,49,46,48,49,46,46,48,47,46,46,47,47,45,49,49,45,47,46,46,48,49,45,48,15:49:54.931
45,46,45,47,46,48,45,46,49,48,45,46,47,49,48,45,45,46,45,45,49,47,46,47,45,45,45,45,49,48,45,47,46,48,47,47,47,46,48,47,47,45,46,48,49,15:49:54.986
45,49,47,45,47,48,46,46,49,48,45,48,45,48,48,48,49,47,46,49,46,47,48,48,46,49,46,45,46,45,49,48,46,48,47,45,48,49,48,49,45,48,47,49,49,15:49:55.042
46,45,48,45,49,45,48,49,46,48,46,48,46,47,49,47,49,45,45,45,48,45,47,49,47,48,47,49,49,47,47,48,48,49,47,49,48,47,48,46,45,48,46,48,45,15:49:55.098
49,45,47,46,46,49,45,48,46,45,49,48,46,45,47,47,45,48,47,48,48,47,49,46,46,48,49,49,47,47,46,49,46,45,49,49,48,48,49,45,49,47,47,46,46,15:49:55.150
47,46,46,48,47,47,45,49,45,47,47,45,48,45,46,47,47,45,47,47,45,48,46,48,45,45,48,48,48,48,49,46,48,49,48,46,49,48,48,48,46,48,45,46,46,15:49:55.201
49,49,45,49,49,48,46,45,48,48,46,45,46,46,49,49,49,48,48,48,47,47,48,48,49,49,47,46,49,47,48,47,49,45,46,47,48,48,48,49,45,46,49,47,48,15:49:55.257
45,45,49,47,49,49,49,49,49,46,46,45,48,48,47,49,45,48,47,45,48,47,48,46,47,49,48,48,49,47,48,48,48,45,49,46,49,45,46,47,46,49,49,46,46,15:49:55.309
49,49,49,46,46,49,45,49,45,46,46,45,46,45,46,45,45,49,48,45,45,49,47,45,46,49,47,46,49,48,48,45,45,48,48,45,45,46,46,45,48,48,48,45,46,15:49:55.361
45,49,48,45,47,46,47,46,47,48,45,45,47,45,49,46,48,48,45,46,48,47,49,46,47,46,49,45,49,48,49,45,45,49,45,46,47,48,49,49,46,46,45,48,47,15:49:55.416
46,49,49,49,45,45,48,48,47,46,49,46,47,49,45,48,49,47,46,49,46,47,48,48,45,48,47,47,47,45,47,45,45,47,47,45,45,49,46,49,49,46,46,45,49,15:49:55.470
46,49,46,46,49,48,49,49,45,47,46,45,49,46,46,48,48,46,48,46,46,47,46,47,47,47,46,49,45,45,48,46,47,48,47,48,45,47,49,45,45,47,45,48,49,15:49:55.521
49,47,48,48,45,48,46,48,48,47,46,49,46,48,47,46,46,46,45,47,48,46,47,47,49,48,49,47,48,49,48,46,48,49,48,46,45,48,47,48,48,47,47,49,48,15:49:55.574
47,46,48,47,48,49,47,49,46,47,46,47,45,47,46,47,49,48,46,45,46,49,45,47,45,47,45,48,49,45,47,49,49,46,49,46,45,45,45,46,45,49,45,45,45,15:49:55.629
48,49,45,45,48,48,47,47,47,45,49,48,46,45,47,48,45,46,49,45,45,46,46,45,45,48,49,48,46,45,47,45,46,47,48,46,48,49,46,48,47,49,48,45,49,15:49:55.684
46,48,49,49,49,46,47,49,48,45,49,49,45,48,46,45,46,45,49,49,49,47,46,49,45,47,48,45,47,49,47,49,45,48,48,46,47,45,46,49,48,49,49,46,47,15:49:55.743
47,45,49,48,45,49,45,49,47,47,47,46,45,45,45,47,46,45,47,48,48,45,48,47,46,47,48,46,47,47,48,45,48,47,45,49,49,45,45,48,46,45,49,47,48,15:49:55.795
48,48,46,49,48,45,49,48,47,49,45,45,47,46,46,47,49,46,47,48,48,47,46,49,49,48,46,45,46,46,46,49,49,46,48,46,48,47,47,48,48,49,46,47,45,15:49:55.849
49,46,49,48,47,46,49,49,46,46,48,45,47,45,49,47,49,47,47,45,47,47,45,48,49,48,47,46,47,45,46,46,49,49,45,46,47,47,46,46,48,46,49,49,45,15:49:55.904
46,47,48,46,48,45,46,48,45,49,47,46,45,48,46,45,48,45,47,45,45,49,45,49,47,48,45,46,45,46,49,46,46,47,46,45,45,46,48,45,45,49,46,47,48,15:49:55.957
45,46,46,47,48,46,45,49,45,48,45,45,49,49,45,46,48,46,45,47,47,45,47,48,45,49,45,45,48,45,45,45,46,45,49,46,46,48,45,45,47,47,45,46,45,15:49:56.011
48,46,49,48,45,49,47,47,49,45,46,49,45,46,47,47,49,48,45,46,46,45,46,47,47,49,48,45,49,45,49,46,45,47,48,46,49,49,48,45,47,49,49,48,46,15:49:56.064
47,48,46,45,47,49,49,47,48,48,45,47,48,49,48,47,46,48,47,45,48,47,45,47,46,45,49,47,47,49,45,47,46,46,45,47,46,46,49,46,49,48,48,46,48,15:49:56.118
45,45,48,47,49,48,49,46,47,45,46,49,46,45,47,46,47,45,47,48,48,46,47,45,45,49,48,45,45,47,48,47,47,47,49,45,48,45,45,46,49,49,48,47,48,15:49:56.173
47,49,47,46,46,45,47,48,49,48,49,47,46,45,49,45,48,47,49,48,46,47,47,48,46,48,47,46,48,48,47,48,45,45,47,45,46,47,45,49,48,45,47,49,46,15:49:56.226
49,46,48,49,47,45,48,49,45,47,45,45,49,47,45,45,47,46,49,47,49,45,46,48,46,45,45,45,49,48,45,49,46,47,47,46,48,46,46,45,49,45,49,49,45,15:49:56.282
47,49,46,47,46,45,47,49,45,47,49,48,49,45,46,49,45,46,45,45,49,45,49,46,47,47,45,47,46,46,49,49,49,48,48,45,46,49,46,45,48,47,48,47,45,15:49:56.337
45,45,46,46,45,47,48,45,46,48,47,49,46,49,46,47,46,46,47,47,48,49,45,45,47,45,45,47,46,49,48,47,45,47,47,47,45,49,49,48,45,49,48,47,47,15:49:56.391
48,46,45,49,46,48,48,49,47,46,48,45,45,46,46,45,47,49,45,46,49,45,49,45,48,47,46,48,46,47,45,46,45,48,47,46,46,49,46,49,47,47,47,45,49,15:49:56.442
45,49,49,46,49,49,45,46,49,45,45,45,46,46,45,46,48,45,47,45,48,47,48,49,46,47,46,49,49,47,49,46,45,45,47,45,45,48,46,47,49,49,48,48,47,15:49:56.495
47,45,49,49,46,49,46,45,46,49,48,47,48,45,45,45,45,45,46,48,47,46,49,47,45,49,48,48,45,47,49,48,48,45,48,45,48,47,45,46,47,46,46,48,49,15:49:56.548
49,46,47,48,47,46,45,46,49,45,45,49,49,45,46,46,45,48,45,49,48,48,46,46,45,46,46,48,47,45,49,47,47,45,48,49,47,49,49,49,47,48,49,45,46,15:49:56.600
45,47,49,49,48,49,46,47,48,49,47,46,48,49,45,46,47,49,46,45,46,49,46,49,45,46,49,49,47,45,48,48,49,48,49,46,47,46,45,47,45,46,48,47,47,15:49:56.656
48,47,49,49,47,47,46,48,47,46,49,48,47,49,45,46,48,49,47,48,46,49,49,47,49,47,46,45,45,48,46,48,47,46,47,45,46,49,48,46,46,45,47,46,47,15:49:56.712
47,48,47,45,47,48,49,49,45,45,46,46,46,46,49,45,49,46,49,47,49,47,45,48,47,48,49,49,48,46,48,48,48,45,45,47,47,48,47,47,49,47,49,48,47,15:49:56.766
45,45,47,48,47,49,46,49,45,48,45,48,48,47,48,47,46,47,48,48,47,45,48,47,48,49,48,49,49,48,48,45,48,48,49,45,49,47,46,46,46,47,48,46,47,15:49:56.819
45,47,46,45,49,46,49,48,49,48,46,47,49,47,49,47,47,46,47,46,49,49,47,47,49,47,49,45,49,45,46,49,49,45,49,46,49,46,48,48,47,47,47,46,46,15:49:56.874
47,46,49,47,49,49,45,49,46,48,46,49,45,46,49,49,47,49,45,45,48,49,46,46,49,49,46,48,45,48,46,48,47,49,47,47,48,46,48,45,47,45,45,47,47,15:49:56.925
48,48,47,47,48,48,45,49,49,46,46,45,46,48,48,46,45,48,47,49,49,47,49,47,49,47,46,49,49,45,46,45,45,46,49,49,48,48,45,47,49,48,49,47,46,15:49:56.977
47,45,45,47,45,46,48,47,49,45,47,49,47,49,48,47,47,47,49,48,47,45,46,45,49,48,46,49,47,48,49,49,45,46,48,48,48,47,45,48,49,47,49,48,45,15:49:57.029
49,47,46,48,49,48,45,48,48,49,45,47,46,48,49,48,45,49,46,47,47,45,49,48,45,49,45,45,45,46,45,46,49,46,45,48,47,47,49,46,45,49,45,45,46,15:49:57.083
46,49,46,46,48,45,48,47,49,45,46,49,47,48,47,48,49,46,45,48,46,48,48,46,49,47,49,47,47,45,49,47,45,49,48,46,49,46,48,46,47,47,49,48,48,15:49:57.136
45,47,49,46,49,47,49,49,48,49,46,45,49,46,49,48,46,48,49,47,45,46,49,46,48,46,49,47,46,46,46,48,46,48,47,48,47,46,49,49,46,47,47,46,45,15:49:57.191
48,48,45,48,48,47,46,46,49,48,45,48,46,48,47,49,48,46,49,45,49,48,45,48,47,48,48,49,45,48,48,47,48,46,45,46,47,48,45,49,49,45,45,45,45,15:49:57.247
49,47,45,46,49,45,49,46,45,47,46,49,48,45,45,48,46,45,48,49,49,49,47,48,49,48,46,49,49,48,47,47,46,46,47,48,45,48,47,46,47,46,49,49,48,15:49:57.299
46,49,45,45,45,45,45,49,45,48,46,49,48,47,49,49,47,47,49,47,46,49,46,47,49,45,49,47,45,48,46,47,46,46,45,48,47,45,45,47,46,49,48,49,45,15:49:57.353
48,46,49,49,48,46,48,47,47,47,45,45,49,47,46,49,46,47,48,46,47,46,48,48,46,46,49,49,46,49,46,46,49,48,47,47,48,45,48,46,49,48,49,46,48,15:49:57.407
45,47,46,47,46,48,49,47,49,47,49,48,45,48,49,47,46,45,46,49,45,47,49,46,46,49,47,47,49,45,46,49,48,46,48,49,46,49,49,47,47,46,48,47,45,15:49:57.459
49,47,46,47,49,48,47,48,48,47,49,45,46,46,47,48,49,47,46,46,48,46,47,49,45,46,47,49,47,49,49,48,47,47,47,49,46,47,46,45,46,47,46,45,49,15:49:57.510
46,48,49,47,45,47,48,47,46,45,45,49,46,49,46,45,45,47,48,49,48,46,45,49,49,49,49,46,45,47,47,46,46,49,46,49,49,48,47,48,45,45,47,46,48,15:49:57.565
48,47,49,49,45,48,47,46,48,46,46,46,48,46,49,47,46,48,47,45,47,49,45,49,46,49,49,45,46,47,48,45,46,46,48,45,46,45,47,48,46,49,47,45,49,15:49:57.620
48,45,47,45,49,45,48,49,46,46,45,47,49,48,46,48,48,48,46,48,46,48,45,49,47,49,49,46,45,48,46,46,45,45,47,49,49,49,49,45,47,46,48,49,47,15:49:57.674
46,47,48,48,48,46,47,48,49,47,49,46,45,46,49,48,48,48,49,48,47,48,46,45,45,45,46,46,48,46,47,45,46,46,45,48,48,45,48,48,46,49,45,47,49,15:49:57.728
49,45,49,47,48,49,48,45,48,47,48,46,49,47,46,49,48,46,48,49,46,47,47,46,45,48,45,46,48,45,48,49,47,45,47,45,46,47,49,49,46,45,48,49,49,15:49:57.786
47,46,46,46,48,47,49,47,46,46,45,47,46,46,45,48,48,45,47,46,45,45,48,46,48,46,49,46,45,47,46,48,48,49,45,45,46,48,47,48,46,47,46,48,45,15:49:57.842
47,48,45,47,46,46,49,47,45,49,46,48,47,47,48,49,49,49,45,49,49,48,46,47,45,48,45,48,49,46,48,45,47,47,47,45,49,47,48,48,48,48,47,48,47,15:49:57.894
49,46,46,46,47,48,49,48,48,47,47,49,45,45,48,45,46,45,45,47,49,47,46,46,48,46,49,49,49,48,45,48,45,49,45,47,48,45,45,45,49,49,45,46,46,15:49:57.946
46,47,49,45,49,48,47,45,45,45,48,49,49,45,47,46,45,49,46,46,46,46,47,49,45,45,48,47,49,47,47,48,48,45,47,49,46,48,46,46,48,48,45,49,48,15:49:58.001
45,45,48,47,45,48,47,47,48,49,47,45,45,47,46,46,45,49,49,46,47,49,47,49,49,49,49,48,47,49,49,46,46,49,45,45,45,48,46,46,48,47,47,46,46,15:49:58.057
47,45,48,46,45,46,48,48,48,48,48,46,45,47,48,49,46,47,49,45,49,48,49,46,48,48,49,46,45,47,49,49,49,46,45,47,48,48,45,49,45,46,45,46,46,15:49:58.108
48,49,48,47,46,48,48,46,46,47,46,45,46,46,47,47,47,46,49,47,45,45,46,45,45,47,45,45,45,46,49,46,46,46,49,45,49,49,49,46,48,46,49,47,47,15:49:58.162
49,49,47,45,46,49,45,49,48,46,48,48,47,45,48,47,49,49,46,49,45,47,46,46,47,45,48,46,47,48,46,49,47,47,49,45,48,46,48,45,46,48,46,46,49,15:49:58.217
45,46,46,49,45,49,49,49,47,46,48,47,49,46,48,47,49,46,49,45,49,49,47,46,49,46,49,46,47,47,48,49,45,45,46,47,45,45,46,47,46,46,47,46,48,15:49:58.270
48,49,48,47,47,49,47,46,48,49,46,45,47,48,47,47,45,46,47,46,46,47,48,47,45,46,45,49,45,48,47,49,46,48,49,45,47,48,49,47,45,49,46,49,46,15:49:58.325
49,48,45,48,45,48,45,48,47,48,49,46,46,46,49,46,45,45,46,46,47,47,46,47,46,46,45,46,47,46,46,47,47,49,47,46,49,47,46,47,46,49,45,46,49,15:49:58.379
46,49,45,45,47,49,49,48,47,46,47,48,48,49,49,45,46,47,45,48,49,45,48,48,46,45,49,49,47,45,46,47,47,45,48,47,47,48,46,49,49,46,45,46,46,15:49:58.432
46,45,46,49,48,46,46,47,46,48,45,46,48,48,46,45,47,48,49,47,45,48,47,46,49,46,45,49,46,46,46,49,47,47,47,48,49,49,48,45,49,46,46,45,48,15:49:58.486
45,46,45,45,49,46,47,46,45,47,46,47,47,49,49,47,49,47,45,48,45,48,45,47,48,49,48,48,46,47,49,47,45,49,47,47,46,45,47,45,45,49,46,47,48,15:49:58.541
47,46,48,46,48,47,46,45,46,45,46,45,47,47,46,48,45,45,46,47,48,49,49,46,46,49,49,47,46,47,49,49,46,47,47,45,49,48,48,45,46,46,47,48,45,15:49:58.593
47,48,45,48,48,47,48,46,45,46,45,45,47,45,49,49,45,49,45,49,47,47,48,46,49,49,47,49,46,49,48,47,47,46,45,48,45,47,47,48,47,46,46,47,46,15:49:58.647
48,46,45,48,48,45,45,48,45,49,47,45,47,46,45,46,48,47,49,47,46,47,46,46,47,45,49,48,48,48,48,45,45,48,47,46,47,47,46,49,48,48,49,46,49,15:49:58.703
47,48,45,47,47,46,45,47,48,49,48,46,46,45,49,48,49,47,48,49,47,45,49,48,48,48,47,45,45,45,47,49,49,46,48,45,49,45,47,47,45,45,45,46,47,15:49:58.758
49,48,45,46,47,49,48,49,49,45,48,46,48,45,45,49,48,49,47,45,49,46,45,47,49,48,47,47,46,46,49,48,46,47,46,45,45,48,46,47,45,45,46,47,46,15:49:58.814
46,48,46,47,45,46,47,47,46,45,45,45,45,45,48,45,49,46,47,45,46,46,47,46,47,45,47,45,48,48,49,49,46,45,47,48,49,48,46,49,49,46,49,47,46,15:49:58.869
47,49,49,49,49,45,47,48,46,47,47,46,49,45,47,48,46,47,46,47,45,48,45,49,46,45,47,45,48,48,46,49,47,49,45,45,47,47,48,49,48,45,48,46,48,15:49:58.924
48,45,49,47,45,48,47,45,45,46,49,46,46,47,46,47,47,48,49,49,47,48,45,45,45,47,46,49,46,45,48,45,49,46,45,47,47,46,49,47,49,46,47,49,45,15:49:58.980
45,47,49,46,48,48,48,45,47,49,46,46,47,46,45,48,45,46,47,48,47,49,48,49,46,47,49,47,48,47,49,45,46,47,48,46,45,45,49,49,47,46,49,46,49,15:49:59.031
45,49,49,46,47,48,47,46,47,49,49,47,46,47,47,47,45,48,46,47,48,47,46,47,47,48,49,47,48,49,45,45,46,45,47,47,48,45,45,47,46,47,48,46,47,15:49:59.085
48,48,48,47,46,48,46,46,46,49,46,47,48,47,47,46,48,48,49,45,49,49,49,45,49,46,48,47,46,45,46,45,46,48,47,46,46,47,48,48,47,49,45,46,49,15:49:59.136
46,47,46,49,47,49,47,46,46,47,49,48,49,48,48,49,46,48,47,46,46,46,49,49,47,48,46,45,49,46,45,48,45,48,46,48,45,49,47,46,45,46,48,49,45,15:49:59.192
46,47,47,49,45,45,45,45,49,49,45,49,48,47,48,47,47,46,49,46,48,47,49,45,49,46,45,48,49,49,46,48,49,46,45,46,46,46,49,45,45,46,45,46,48,15:49:59.243
48,45,45,49,45,46,49,45,45,48,49,46,47,48,45,47,49,46,46,46,48,46,46,48,47,46,48,46,48,45,45,45,45,45,48,46,47,45,49,49,46,49,49,46,47,15:49:59.296
45,49,48,45,49,49,45,48,46,45,49,49,49,48,48,48,46,49,49,46,49,45,46,45,49,46,46,49,49,47,47,49,49,45,45,48,49,47,45,45,48,45,48,47,48,15:49:59.350
48,45,45,47,45,47,46,49,45,46,45,49,47,46,46,49,47,48,48,46,48,49,47,47,47,46,48,48,49,47,47,47,48,48,45,45,45,48,49,45,49,49,47,49,47,15:49:59.401
47,45,47,45,46,48,46,46,46,46,47,48,49,48,49,47,47,49,48,45,48,46,49,45,46,45,45,48,48,49,49,48,46,48,45,49,47,47,49,49,46,47,49,49,48,15:49:59.453
49,45,46,49,49,46,48,46,47,49,46,45,45,48,48,46,49,47,49,46,47,48,49,45,45,47,45,47,49,47,47,48,49,47,46,49,49,48,48,46,45,48,47,45,46,15:49:59.508
48,47,46,47,49,45,48,47,49,48,48,46,48,49,47,49,49,46,48,46,49,45,45,46,46,45,49,48,48,47,49,49,46,49,47,49,47,47,49,45,49,45,45,48,49,15:49:59.559
45,49,48,49,48,49,48,45,49,49,47,47,49,48,45,46,47,45,45,47,49,46,49,46,47,48,49,49,49,49,45,45,47,46,49,48,47,46,49,45,46,47,48,49,48,15:49:59.615
46,46,48,48,49,45,45,46,49,47,48,49,48,48,49,48,48,48,45,46,49,46,49,49,47,46,47,46,48,46,49,49,45,46,48,46,45,47,48,47,47,45,49,46,48,15:49:59.670
48,48,45,46,48,46,49,45,47,48,47,47,47,47,49,49,46,45,45,45,45,48,45,45,48,47,47,47,48,48,45,48,45,47,45,48,45,48,46,47,45,49,48,45,46,15:49:59.722
48,45,47,46,45,48,45,49,47,49,46,46,47,47,48,49,47,45,46,45,47,46,46,49,46,49,48,48,47,45,45,46,45,46,49,49,47,45,48,45,47,48,46,45,45,15:49:59.774
46,47,48,49,48,46,48,49,47,45,48,49,45,48,47,49,49,49,49,49,49,49,46,47,48,48,45,45,47,45,47,46,46,48,48,46,49,48,49,47,46,47,47,47,45,15:49:59.827
48,46,48,45,47,46,45,45,48,46,46,48,45,49,45,49,49,48,47,49,47,46,47,48,47,46,48,48,46,48,48,49,49,46,45,46,45,46,48,48,46,45,45,47,49,15:49:59.879
49,45,49,45,48,45,48,48,49,45,45,47,49,46,47,47,48,48,49,47,49,47,48,48,46,45,49,47,48,45,47,49,47,47,48,49,48,49,45,47,45,47,45,49,49,15:49:59.935
45,45,47,48,47,45,47,46,45,49,45,46,46,49,49,48,45,45,46,48,49,47,46,45,46,46,46,48,46,49,47,49,49,48,49,46,45,48,48,48,47,45,45,49,48,15:49:59.991
45,49,46,45,47,45,47,45,46,48,48,48,47,46,47,46,49,46,45,46,46,45,49,48,46,46,47,46,47,48,49,46,45,48,48,47,48,48,45,45,45,48,49,48,47,15:50:00.047
46,47,45,49,47,46,48,46,48,46,49,46,45,46,47,47,47,48,47,46,48,48,48,45,49,49,48,47,47,47,45,47,45,49,47,45,49,45,45,46,46,47,49,47,47,15:50:00.098
49,47,45,45,45,49,47,45,46,45,48,48,49,45,45,46,47,48,47,48,47,48,45,45,47,48,48,49,49,49,45,46,47,47,48,47,49,45,49,46,45,45,46,49,45,15:50:00.153
47,46,45,49,49,45,49,49,47,46,49,49,45,48,45,45,48,48,48,49,47,49,45,49,48,46,49,47,48,47,47,45,49,45,46,45,45,45,49,48,46,49,48,48,49,15:50:00.209
48,48,47,45,45,48,48,48,45,49,45,46,48,46,48,45,46,45,45,49,48,49,48,45,45,46,48,48,48,47,46,46,49,46,48,49,49,46,48,46,48,48,46,47,45,15:50:00.261
47,49,45,45,46,49,46,47,45,48,46,47,48,49,48,45,48,48,47,45,47,49,48,48,49,47,46,47,49,46,47,46,46,48,45,49,46,49,48,47,45,47,46,49,49,15:50:00.317
47,49,49,47,45,45,47,46,48,48,49,49,48,46,47,48,49,45,45,49,49,49,47,45,47,47,49,46,45,48,47,46,45,46,46,45,46,48,45,47,45,49,49,45,47,15:50:00.369
49,49,46,49,49,46,48,49,48,47,49,46,46,47,46,45,47,48,45,46,48,46,49,49,45,48,45,46,48,48,47,48,49,48,49,46,45,45,45,49,49,49,47,49,48,15:50:00.425
46,47,49,48,47,49,46,49,49,47,48,46,45,45,46,49,48,49,47,49,47,47,48,48,45,46,45,46,48,46,45,46,48,48,48,49,49,46,46,45,47,45,46,45,47,15:50:00.479
49,46,47,46,47,49,47,49,45,48,47,49,49,46,46,48,45,48,48,45,49,49,47,46,45,45,46,48,46,45,46,45,48,46,49,48,45,45,47,46,45,48,48,48,46,15:50:00.531
49,49,46,47,47,49,46,46,49,46,48,47,49,45,48,47,45,48,47,46,45,46,48,46,45,45,46,47,47,48,48,48,47,45,48,47,48,45,46,47,46,46,45,48,45,15:50:00.587
45,48,48,45,45,48,47,49,46,47,47,48,48,46,48,45,47,45,46,46,46,46,47,48,47,48,49,49,48,46,45,46,47,49,48,46,48,45,46,48,47,46,47,48,49,15:50:00.642
45,47,45,49,45,46,46,48,46,47,49,49,45,46,45,49,47,49,48,46,45,46,46,48,45,47,47,45,48,47,45,45,46,45,46,45,49,49,48,46,49,49,48,46,49,15:50:00.693
46,48,45,46,48,47,47,47,48,45,46,47,47,47,49,47,46,49,49,47,46,47,49,47,49,47,45,46,48,47,48,47,49,48,45,48,46,48,46,48,45,45,48,46,45,15:50:00.748
45,49,46,49,47,46,45,47,47,49,49,48,49,47,48,49,47,48,46,45,49,46,47,47,46,48,49,48,45,48,47,45,46,49,46,45,49,46,49,45,47,48,49,46,45,15:50:00.799
45,45,46,49,46,45,49,46,49,48,47,46,45,48,45,45,48,49,48,46,49,46,45,46,46,47,45,48,45,46,47,47,45,47,47,48,47,48,49,47,47,47,48,47,48,15:50:00.851
47,46,48,47,46,46,49,49,45,47,49,46,49,46,46,49,45,47,46,47,49,46,46,49,47,45,48,46,45,46,48,46,48,47,45,47,46,48,46,49,45,46,45,49,45,15:50:00.905
49,48,49,46,47,45,47,47,48,47,46,47,45,46,46,48,45,46,47,49,47,45,46,49,45,48,46,48,47,47,46,46,46,49,47,48,45,47,45,47,46,48,45,45,45,15:50:00.958
