 97,56,0.09983341664682815,18:22:19.424
93,118,0.19866933079506122,18:22:19.477
52,83,0.2955202066613396,18:22:19.529
72,110,0.3894183423086505,18:22:19.585
56,118,0.479425538604203,18:22:19.637
93,86,0.5646424733950354,18:22:19.691
118,56,0.644217687237691,18:22:19.746
86,106,0.7173560908995227,18:22:19.801
87,117,0.7833269096274833,18:22:19.852
102,55,0.8414709848078964,18:22:19.905
95,98,0.8912073600614353,18:22:19.958
115,114,0.9320390859672263,18:22:20.012
52,104,0.963558185417193,18:22:20.063
72,86,0.9854497299884603,18:22:20.116
65,76,0.9974949866040544,18:22:20.170
103,102,0.9995736030415051,18:22:20.223
85,56,0.9916648104524686,18:22:20.279
65,85,0.973847630878195,18:22:20.334
54,51,0.9463000876874144,18:22:20.387
57,59,0.9092974268256815,18:22:20.441
62,104,0.8632093666488735,18:22:20.493
88,92,0.8084964038195899,18:22:20.546
57,55,0.7457052121767198,18:22:20.597
80,60,0.6754631805511504,18:22:20.649
75,82,0.5984721441039558,18:22:20.703
86,112,0.5155013718214634,18:22:20.755
97,69,0.42737988023382895,18:22:20.808
95,83,0.33498815015590383,18:22:20.859
85,73,0.23924932921398112,18:22:20.911
100,63,0.14112000805986588,18:22:20.963
61,93,0.04158066243328916,18:22:21.018
104,107,-0.05837414342758141,18:22:21.071
87,91,-0.15774569414324996,18:22:21.126
72,66,-0.25554110202683294,18:22:21.181
63,91,-0.3507832276896215,18:22:21.235
72,117,-0.44252044329485407,18:22:21.286
70,104,-0.5298361409084948,18:22:21.340
116,82,-0.6118578909427207,18:22:21.393
85,101,-0.6877661591839753,18:22:21.444
112,101,-0.7568024953079294,18:22:21.497
113,112,-0.8182771110644114,18:22:21.550
106,93,-0.8715757724135886,18:22:21.601
117,94,-0.9161659367494552,18:22:21.654
92,89,-0.9516020738895161,18:22:21.704
103,64,-0.977530117665097,18:22:21.755
51,57,-0.9936910036334644,18:22:21.809
117,52,-0.9999232575641008,18:22:21.860
57,56,-0.9961646088358408,18:22:21.910
70,89,-0.9824526126243328,18:22:21.964
94,118,-0.958924274663139,18:22:22.018
66,58,-0.9258146823277331,18:22:22.071
94,62,-0.8834546557201545,18:22:22.122
83,76,-0.8322674422239027,18:22:22.177
56,72,-0.7727644875559894,18:22:22.230
83,115,-0.7055403255703945,18:22:22.290
119,52,-0.6312666378723243,18:22:22.343
75,95,-0.5506855425976414,18:22:22.394
98,101,-0.4646021794137613,18:22:22.447
82,101,-0.37387666483024096,18:22:22.501
61,68,-0.27941549819893097,18:22:22.552
79,95,-0.18216250427210112,18:22:22.603
62,94,-0.0830894028175026,18:22:22.653
76,79,0.016813900484343496,18:22:22.704
60,76,0.11654920485048659,18:22:22.756
89,84,0.21511998808780858,18:22:22.810
119,86,0.3115413635133711,18:22:22.864
99,62,0.40484992061659103,18:22:22.918
73,75,0.4941133511386012,18:22:22.971
86,79,0.5784397643881929,18:22:23.023
89,101,0.6569865987187824,18:22:23.077
86,58,0.7289690401258698,18:22:23.130
103,83,0.7936678638491472,18:22:23.182
57,68,0.8504366206285593,18:22:23.237
93,81,0.8987080958116223,18:22:23.291
87,97,0.9379999767747351,18:22:23.343
74,109,0.9679196720314837,18:22:23.398
118,54,0.9881682338769986,18:22:23.452
72,98,0.9985433453746043,18:22:23.504
91,105,0.9989413418397726,18:22:23.555
62,65,0.9893582466233836,18:22:23.605
82,68,0.9698898108450894,18:22:23.660
112,73,0.9407305566797773,18:22:23.713
87,78,0.9021718337562995,18:22:23.768
73,59,0.8545989080882879,18:22:23.818
112,92,0.7984871126234989,18:22:23.869
94,77,0.734397097874123,18:22:23.920
61,54,0.662969230082194,18:22:23.970
99,113,0.5849171928917746,18:22:24.021
74,104,0.5010208564578985,18:22:24.071
58,85,0.41211848524177114,18:22:24.125
96,118,0.3190983623493673,18:22:24.181
107,56,0.22288991410026324,18:22:24.235
78,80,0.12445442350707932,18:22:24.286
117,98,0.024775425453375525,18:22:24.341
97,61,-0.0751511204617916,18:22:24.394
93,86,-0.17432678122296216,18:22:24.448
69,74,-0.2717606264109253,18:22:24.500
102,74,-0.36647912925191023,18:22:24.556
64,82,-0.45753589377530396,18:22:24.609
84,90,-0.5440211108893535,18:22:24.665
59,98,-0.6250706488928669,18:22:24.718
112,60,-0.6998746875935284,18:22:24.770
79,96,-0.7676858097635687,18:22:24.821
119,68,-0.8278264690856417,18:22:24.874
98,118,-0.8796957599716599,18:22:24.929
85,119,-0.9227754216127984,18:22:24.984
85,95,-0.9566350162701817,18:22:25.035
90,109,-0.980936230066487,18:22:25.085
110,114,-0.9954362533063752,18:22:25.136
102,65,-0.9999902065507036,18:22:25.191
115,58,-0.9945525882039916,18:22:25.246
66,77,-0.9791777291513221,18:22:25.297
101,54,-0.9540192499020964,18:22:25.352
74,103,-0.9193285256646855,18:22:25.403
73,104,-0.8754521746884406,18:22:25.455
57,74,-0.822828594968723,18:22:25.508
119,87,-0.7619835839190494,18:22:25.560
76,110,-0.6935250847771415,18:22:25.614
69,102,-0.6181371122370543,18:22:25.668
103,109,-0.5365729180004574,18:22:25.721
93,100,-0.4496474645346253,18:22:25.777
99,80,-0.35822928223685363,18:22:25.830
103,109,-0.2632317913658284,18:22:25.885
118,78,-0.16560417544833744,18:22:25.940
94,85,-0.06632189735122905,18:22:25.993
74,110,0.03362304722110829,18:22:26.047
51,116,0.13323204141991404,18:22:26.098
99,105,0.23150982510150958,18:22:26.150
73,101,0.3274744391376645,18:22:26.201
50,58,0.4201670368266135,18:22:26.252
118,52,0.5086614643723477,18:22:26.304
62,82,0.5920735147071987,18:22:26.355
106,96,0.6695697621965786,18:22:26.405
65,89,0.7403758899524271,18:22:26.460
82,76,0.8037844265516019,18:22:26.511
92,68,0.8591618148564795,18:22:26.565
112,62,0.9059547423084483,18:22:26.617
114,93,0.9436956694440937,18:22:26.670
75,82,0.972007501394968,18:22:26.722
89,75,0.9906073556948657,18:22:26.776
83,76,0.9993093887479164,18:22:26.831
103,101,0.9980266527163638,18:22:26.886
100,86,0.9867719642746191,18:22:26.937
106,91,0.9656577765492868,18:22:26.991
66,92,0.9348950555246957,18:22:27.045
106,55,0.8947911721405201,18:22:27.098
56,90,0.8457468311429532,18:22:27.150
54,61,0.7882520673753393,18:22:27.204
94,104,0.7228813495120019,18:22:27.256
79,90,0.6502878401571452,18:22:27.311
109,83,0.5711968696600193,18:22:27.363
62,92,0.4863986888538323,18:22:27.418
59,111,0.3967405731306479,18:22:27.469
72,110,0.3031183567457395,18:22:27.523
71,73,0.20646748193783482,18:22:27.577
82,102,0.10775365229948292,18:22:27.629
81,92,0.007963183785976422,18:22:27.685
98,111,-0.09190685022764096,18:22:27.735
108,101,-0.19085858137414927,18:22:27.789
105,114,-0.28790331666502617,18:22:27.842
106,64,-0.3820714171839697,18:22:27.897
52,73,-0.4724219863984317,18:22:27.950
77,98,-0.5580522712867468,18:22:28.003
89,56,-0.6381066823479201,18:22:28.056
103,99,-0.7117853423690981,18:22:28.110
56,51,-0.7783520785342762,18:22:28.165
76,58,-0.8371417780197293,18:22:28.217
77,78,-0.8875670335814898,18:22:28.271
114,109,-0.9291240127343579,18:22:28.321
73,91,-0.961397491879549,18:22:28.373
100,110,-0.9840650050816383,18:22:28.428
106,103,-0.9969000660415941,18:22:28.483
54,72,-0.9997744310730117,18:22:28.537
78,110,-0.9926593804706357,18:22:28.588
51,107,-0.9756260054681622,18:22:28.638
106,90,-0.9488444979181307,18:22:28.694
112,102,-0.9125824497911917,18:22:28.747
74,78,-0.8672021794855902,18:22:28.802
60,62,-0.8131571116614967,18:22:28.853
84,108,-0.7509872467716855,18:22:28.909
63,103,-0.6813137655555104,18:22:28.963
110,88,-0.6048328224062927,18:22:29.014
53,110,-0.5223085896267406,18:22:29.064
53,95,-0.43456562207190313,18:22:29.118
94,50,-0.3424806184696192,18:22:29.173
64,58,-0.24697366173662777,18:22:29.224
98,57,-0.1489990258142023,18:22:29.278
98,102,-0.049535640878370965,18:22:29.332
102,85,0.05042268780681122,18:22:29.388
82,85,0.14987720966295234,18:22:29.440
108,92,0.24783420798295983,18:22:29.494
110,107,0.3433149288198987,18:22:29.546
111,51,0.4353653603728964,18:22:29.601
117,113,0.5230657651577024,18:22:29.652
54,111,0.6055398697196066,18:22:29.706
97,58,0.6819636200681407,18:22:29.760
81,97,0.7515734153521554,18:22:29.811
76,118,0.8136737375071116,18:22:29.864
70,95,0.8676441006416744,18:22:29.917
89,103,0.9129452507276334,18:22:29.968
67,54,0.949124553647899,18:22:30.020
84,111,0.9758205177669794,18:22:30.075
61,64,0.9927664058359092,18:22:30.131
90,95,0.9997929001426696,18:22:30.183
55,101,0.9968297942787976,18:22:30.234
106,67,0.9839066946186122,18:22:30.288
84,76,0.9611527245021096,18:22:30.339
50,73,0.9287952340772312,18:22:30.393
115,88,0.887157528692338,18:22:30.445
86,68,0.8366556385360404,18:22:30.500
65,113,0.777794161801075,18:22:30.551
59,89,0.71116122290596,18:22:30.603
112,108,0.6374225961502142,18:22:30.654
64,73,0.5573150535176319,18:22:30.704
109,73,0.4716390030941648,18:22:30.757
87,87,0.38125049165490726,18:22:30.809
63,108,0.287052651327691,18:22:30.862
71,103,0.18998667579539938,18:22:30.917
80,68,0.09102241619980542,18:22:30.968
90,94,-0.008851309290446507,18:22:31.023
77,78,-0.10863659542412213,18:22:31.077
66,85,-0.20733642060680393,18:22:31.130
98,71,-0.30396460881109105,18:22:31.185
68,87,-0.39755568312147854,18:22:31.236
76,70,-0.48717451246055293,18:22:31.290
106,72,-0.5719256551096046,18:22:31.341
87,63,-0.6509623056662873,18:22:31.392
114,91,-0.7234947560442817,18:22:31.443
115,105,-0.7887982859754514,18:22:31.494
50,107,-0.846220404175201,18:22:31.545
67,106,-0.8951873678197071,18:22:31.597
72,84,-0.9352099151945603,18:22:31.650
115,86,-0.9658881542360861,18:22:31.703
83,107,-0.986915558120659,18:22:31.754
51,109,-0.9980820279794003,18:22:31.805
101,100,-0.9992759921366252,18:22:31.857
78,57,-0.9904855208971471,18:22:31.910
117,69,-0.9717984457438473,18:22:31.963
68,65,-0.9434014817545319,18:22:32.014
80,58,-0.9055783620065937,18:22:32.070
97,87,-0.8587070026098931,18:22:32.120
55,84,-0.8032557266939103,18:22:32.174
104,68,-0.7397785850778432,18:22:32.227
88,103,-0.6689098203779662,18:22:32.282
94,95,-0.5913575298650614,18:22:32.335
115,117,-0.5078965903905548,18:22:32.389
95,109,-0.4193609160731572,18:22:32.443
99,103,-0.326635126104645,18:22:32.497
69,51,-0.2306457059273127,18:22:32.550
93,91,-0.13235175009768851,18:22:32.601
54,53,-0.032735379330760095,18:22:32.652
111,101,0.06720807252556353,18:22:32.705
115,102,0.16648000353724682,18:22:32.756
90,71,0.09983341664682815,15:08:50.822
119,97,0.19866933079506122,15:08:50.877
107,96,0.2955202066613396,15:08:50.931
103,64,0.3894183423086505,15:08:50.982
115,58,0.479425538604203,15:08:51.033
118,119,0.5646424733950354,15:08:51.083
78,105,0.644217687237691,15:08:51.136
112,107,0.7173560908995227,15:08:51.187
71,83,0.7833269096274833,15:08:51.242
101,81,0.8414709848078964,15:08:51.295
115,93,0.8912073600614353,15:08:51.349
73,88,0.9320390859672263,15:08:51.400
56,97,0.963558185417193,15:08:51.451
75,77,0.9854497299884603,15:08:51.502
92,107,0.9974949866040544,15:08:51.552
89,89,0.9995736030415051,15:08:51.603
62,83,0.9916648104524686,15:08:51.657
54,90,0.973847630878195,15:08:51.712
83,71,0.9463000876874144,15:08:51.763
86,90,0.9092974268256815,15:08:51.817
91,107,0.8632093666488735,15:08:51.867
82,106,0.8084964038195899,15:08:51.918
51,117,0.7457052121767198,15:08:51.972
75,113,0.6754631805511504,15:08:52.025
55,105,0.5984721441039558,15:08:52.078
59,73,0.5155013718214634,15:08:52.132
63,77,0.42737988023382895,15:08:52.183
84,70,0.33498815015590383,15:08:52.233
54,88,0.23924932921398112,15:08:52.284
75,100,0.14112000805986588,15:08:52.335
99,74,0.04158066243328916,15:08:52.387
77,59,-0.05837414342758141,15:08:52.442
111,92,-0.15774569414324996,15:08:52.495
92,98,-0.25554110202683294,15:08:52.549
86,91,-0.3507832276896215,15:08:52.600
68,54,-0.44252044329485407,15:08:52.654
98,63,-0.5298361409084948,15:08:52.705
64,68,-0.6118578909427207,15:08:52.759
90,110,-0.6877661591839753,15:08:52.812
119,91,-0.7568024953079294,15:08:52.866
84,119,-0.8182771110644114,15:08:52.917
69,65,-0.8715757724135886,15:08:52.971
64,68,-0.9161659367494552,15:08:53.025
71,96,-0.9516020738895161,15:08:53.078
94,96,-0.977530117665097,15:08:53.133
117,104,-0.9936910036334644,15:08:53.185
60,87,-0.9999232575641008,15:08:53.241
99,81,-0.9961646088358408,15:08:53.296
91,78,-0.9824526126243328,15:08:53.349
102,85,-0.958924274663139,15:08:53.399
94,97,-0.9258146823277331,15:08:53.450
85,72,-0.8834546557201545,15:08:53.500
116,90,-0.8322674422239027,15:08:53.551
95,71,-0.7727644875559894,15:08:53.602
87,107,-0.7055403255703945,15:08:53.655
97,50,-0.6312666378723243,15:08:53.708
110,108,-0.5506855425976414,15:08:53.759
99,116,-0.4646021794137613,15:08:53.811
89,85,-0.37387666483024096,15:08:53.884
64,83,-0.27941549819893097,15:08:53.935
69,52,-0.18216250427210112,15:08:53.986
58,77,-0.0830894028175026,15:08:54.040
59,68,0.016813900484343496,15:08:54.095
50,64,0.11654920485048659,15:08:54.150
58,99,0.21511998808780858,15:08:54.200
76,63,0.3115413635133711,15:08:54.252
101,54,0.40484992061659103,15:08:54.303
71,72,0.4941133511386012,15:08:54.358
119,107,0.5784397643881929,15:08:54.409
60,96,0.6569865987187824,15:08:54.462
115,56,0.7289690401258698,15:08:54.514
107,63,0.7936678638491472,15:08:54.565
113,93,0.8504366206285593,15:08:54.616
92,87,0.8987080958116223,15:08:54.667
102,113,0.9379999767747351,15:08:54.719
56,51,0.9679196720314837,15:08:54.770
54,95,0.9881682338769986,15:08:54.825
90,60,0.9985433453746043,15:08:54.878
57,65,0.9989413418397726,15:08:54.933
51,110,0.9893582466233836,15:08:54.984
50,99,0.9698898108450894,15:08:55.037
53,57,0.9407305566797773,15:08:55.092
63,85,0.9021718337562995,15:08:55.143
85,61,0.8545989080882879,15:08:55.198
57,117,0.7984871126234989,15:08:55.251
116,112,0.734397097874123,15:08:55.306
96,71,0.662969230082194,15:08:55.359
99,62,0.5849171928917746,15:08:55.413
91,84,0.5010208564578985,15:08:55.467
113,90,0.41211848524177114,15:08:55.518
97,75,0.3190983623493673,15:08:55.571
87,98,0.22288991410026324,15:08:55.625
74,110,0.12445442350707932,15:08:55.678
86,89,0.024775425453375525,15:08:55.732
57,82,-0.0751511204617916,15:08:55.784
91,61,-0.17432678122296216,15:08:55.836
96,57,-0.2717606264109253,15:08:55.892
77,71,-0.36647912925191023,15:08:55.944
114,67,-0.45753589377530396,15:08:55.995
66,104,-0.5440211108893535,15:08:56.050
57,68,-0.6250706488928669,15:08:56.104
56,68,-0.6998746875935284,15:08:56.155
91,119,-0.7676858097635687,15:08:56.209
116,86,-0.8278264690856417,15:08:56.261
76,76,-0.8796957599716599,15:08:56.315
83,96,-0.9227754216127984,15:08:56.366
84,103,-0.9566350162701817,15:08:56.417
56,84,-0.980936230066487,15:08:56.467
86,102,-0.9954362533063752,15:08:56.518
99,114,-0.9999902065507036,15:08:56.569
84,89,-0.9945525882039916,15:08:56.620
83,102,-0.9791777291513221,15:08:56.674
77,97,-0.9540192499020964,15:08:56.728
99,112,-0.9193285256646855,15:08:56.783
90,111,-0.8754521746884406,15:08:56.837
98,75,-0.822828594968723,15:08:56.892
93,96,-0.7619835839190494,15:08:56.953
116,113,-0.6935250847771415,15:08:57.008
94,105,-0.6181371122370543,15:08:57.062
106,53,-0.5365729180004574,15:08:57.114
99,77,-0.4496474645346253,15:08:57.167
52,71,-0.35822928223685363,15:08:57.219
103,54,-0.2632317913658284,15:08:57.275
60,64,-0.16560417544833744,15:08:57.331
117,54,-0.06632189735122905,15:08:57.384
106,108,0.03362304722110829,15:08:57.439
101,119,0.13323204141991404,15:08:57.492
91,65,0.23150982510150958,15:08:57.544
61,114,0.3274744391376645,15:08:57.596
88,69,0.4201670368266135,15:08:57.650
51,54,0.5086614643723477,15:08:57.701
93,115,0.5920735147071987,15:08:57.753
101,96,0.6695697621965786,15:08:57.807
101,77,0.7403758899524271,15:08:57.862
75,81,0.8037844265516019,15:08:57.913
83,86,0.8591618148564795,15:08:57.965
54,116,0.9059547423084483,15:08:58.017
74,87,0.9436956694440937,15:08:58.067
51,64,0.972007501394968,15:08:58.118
80,101,0.9906073556948657,15:08:58.172
99,58,0.9993093887479164,15:08:58.226
54,75,0.9980266527163638,15:08:58.276
116,105,0.9867719642746191,15:08:58.332
82,50,0.9656577765492868,15:08:58.383
73,62,0.9348950555246957,15:08:58.434
111,68,0.8947911721405201,15:08:58.487
104,60,0.8457468311429532,15:08:58.542
98,91,0.7882520673753393,15:08:58.594
89,81,0.7228813495120019,15:08:58.650
83,111,0.6502878401571452,15:08:58.705
112,112,0.5711968696600193,15:08:58.759
117,74,0.4863986888538323,15:08:58.811
102,63,0.3967405731306479,15:08:58.862
106,115,0.3031183567457395,15:08:58.917
71,84,0.20646748193783482,15:08:58.968
94,53,0.10775365229948292,15:08:59.019
73,94,0.007963183785976422,15:08:59.073
103,75,-0.09190685022764096,15:08:59.126
81,100,-0.19085858137414927,15:08:59.177
70,78,-0.28790331666502617,15:08:59.229
79,57,-0.3820714171839697,15:08:59.283
50,55,-0.4724219863984317,15:08:59.339
94,116,-0.5580522712867468,15:08:59.393
86,63,-0.6381066823479201,15:08:59.445
111,98,-0.7117853423690981,15:08:59.496
117,57,-0.7783520785342762,15:08:59.551
70,98,-0.8371417780197293,15:08:59.602
67,61,-0.8875670335814898,15:08:59.655
101,80,-0.9291240127343579,15:08:59.706
67,84,-0.961397491879549,15:08:59.759
118,86,-0.9840650050816383,15:08:59.813
55,109,-0.9969000660415941,15:08:59.865
114,100,-0.9997744310730117,15:08:59.919
114,105,-0.9926593804706357,15:08:59.973
54,86,-0.9756260054681622,15:09:00.032
61,64,-0.9488444979181307,15:09:00.086
95,108,-0.9125824497911917,15:09:00.136
77,88,-0.8672021794855902,15:09:00.189
69,73,-0.8131571116614967,15:09:00.243
112,80,-0.7509872467716855,15:09:00.297
103,77,-0.6813137655555104,15:09:00.347
102,99,-0.6048328224062927,15:09:00.400
71,71,-0.5223085896267406,15:09:00.451
109,59,-0.43456562207190313,15:09:00.506
67,73,-0.3424806184696192,15:09:00.560
115,57,-0.24697366173662777,15:09:00.613
69,83,-0.1489990258142023,15:09:00.668
80,64,-0.049535640878370965,15:09:00.723
98,78,0.05042268780681122,15:09:00.777
56,110,0.14987720966295234,15:09:00.829
111,68,0.24783420798295983,15:09:00.885
81,92,0.3433149288198987,15:09:00.935
78,117,0.4353653603728964,15:09:00.986
53,107,0.5230657651577024,15:09:01.037
53,107,0.6055398697196066,15:09:01.090
91,50,0.6819636200681407,15:09:01.144
113,89,0.7515734153521554,15:09:01.197
84,115,0.8136737375071116,15:09:01.252
118,94,0.8676441006416744,15:09:01.303
80,68,0.9129452507276334,15:09:01.354
90,85,0.949124553647899,15:09:01.405
65,92,0.9758205177669794,15:09:01.458
116,78,0.9927664058359092,15:09:01.511
72,62,0.9997929001426696,15:09:01.564
100,113,0.9968297942787976,15:09:01.619
83,92,0.9839066946186122,15:09:01.670
100,104,0.9611527245021096,15:09:01.720
112,88,0.9287952340772312,15:09:01.771
68,109,0.887157528692338,15:09:01.824
108,97,0.8366556385360404,15:09:01.878
104,62,0.777794161801075,15:09:01.930
68,53,0.71116122290596,15:09:01.983
107,109,0.6374225961502142,15:09:02.036
77,64,0.5573150535176319,15:09:02.090
85,72,0.4716390030941648,15:09:02.145
95,107,0.38125049165490726,15:09:02.198
95,84,0.287052651327691,15:09:02.251
58,72,0.18998667579539938,15:09:02.303
104,105,0.09102241619980542,15:09:02.357
95,105,-0.008851309290446507,15:09:02.412
69,84,-0.10863659542412213,15:09:02.464
64,92,-0.20733642060680393,15:09:02.517
75,66,-0.30396460881109105,15:09:02.569
72,108,-0.39755568312147854,15:09:02.624
74,106,-0.48717451246055293,15:09:02.678
59,66,-0.5719256551096046,15:09:02.734
83,56,-0.6509623056662873,15:09:02.787
69,87,-0.7234947560442817,15:09:02.837
55,104,-0.7887982859754514,15:09:02.888
92,112,-0.846220404175201,15:09:02.944
60,76,-0.8951873678197071,15:09:02.995
80,102,-0.9352099151945603,15:09:03.048
84,65,-0.9658881542360861,15:09:03.103
88,84,-0.986915558120659,15:09:03.158
65,71,-0.9980820279794003,15:09:03.208
108,116,-0.9992759921366252,15:09:03.260
77,70,-0.9904855208971471,15:09:03.315
110,92,-0.9717984457438473,15:09:03.368
89,92,-0.9434014817545319,15:09:03.423
90,58,-0.9055783620065937,15:09:03.475
103,60,-0.8587070026098931,15:09:03.529
101,114,-0.8032557266939103,15:09:03.584
66,106,-0.7397785850778432,15:09:03.636
93,111,-0.6689098203779662,15:09:03.687
97,119,-0.5913575298650614,15:09:03.742
115,96,-0.5078965903905548,15:09:03.795
59,56,-0.4193609160731572,15:09:03.848
113,82,-0.326635126104645,15:09:03.903
83,74,-0.2306457059273127,15:09:03.955
75,91,-0.13235175009768851,15:09:04.005
55,50,-0.032735379330760095,15:09:04.059
108,72,0.06720807252556353,15:09:04.111
104,53,0.16648000353724682,15:09:04.162
71,60,0.26408852138455846,15:09:04.215
103,56,0.3590583540222545,15:09:04.270
83,69,0.4504405942754718,15:09:04.321
82,99,0.5373221810065527,15:09:04.372
69,97,0.6188350221201147,15:09:04.426
52,56,0.6941646682523136,15:09:04.482
73,82,0.7625584504796671,15:09:04.536
87,87,0.8233330007381381,15:09:04.589
83,83,0.8758810798109391,15:09:04.642
84,70,0.9196776446620603,15:09:04.696
85,69,0.9542850944927288,15:09:04.749
79,103,0.9793576431039386,15:09:04.803
111,79,0.9946447738778491,15:09:04.855
72,79,0.999993742857021,15:09:04.906
68,92,0.9953511049115485,15:09:04.960
54,112,0.9807632477451307,15:09:05.014
63,89,0.9563759284044698,15:09:05.068
54,119,0.9224328169230419,15:09:05.121
69,111,0.8792730616506684,15:09:05.173
75,98,0.8273279005953127,15:09:05.226
103,67,0.7671163526354526,15:09:05.280
90,77,0.6992400316550115,15:09:05.331
51,115,0.6243771354162971,15:09:05.385
69,97,0.5432756692321434,15:09:05.438
54,97,0.45674597214408225,15:09:05.489
82,54,0.36565262028250234,15:09:05.540
85,115,0.2709057883077459,15:09:05.595
73,80,0.17345215524576615,15:09:05.649
73,64,0.07426544558423022,15:09:05.705
108,94,-0.025663299860690894,15:09:05.755
92,69,-0.12533562609656304,15:09:05.806
85,79,-0.223755640186928,15:09:05.861
115,90,-0.319939961884326,15:09:05.915
60,107,-0.4129275492406663,15:09:05.966
95,56,-0.501789301020694,15:09:06.021
56,60,-0.5856373399744128,15:09:06.072
78,90,-0.6636338842130738,15:09:06.125
67,87,-0.734999618048874,15:09:06.180
81,112,-0.7990214786597014,15:09:06.235
106,50,-0.8550597807771458,15:09:06.286
72,119,-0.9025546082102497,15:09:06.337
94,87,-0.941031408343004,15:09:06.388
82,73,-0.9701057337072216,15:09:06.438
57,114,-0.9894870832545573,15:09:06.489
109,119,-0.9989818049469563,15:09:06.544
108,83,-0.9984950306638061,15:09:06.597
73,78,-0.9880316240928376,15:09:06.647
80,90,-0.9676961321337658,15:09:06.699
55,83,-0.9376917403002256,15:09:06.751
106,84,-0.8983182425572844,15:09:06.803
80,81,-0.8499690458792419,15:09:06.854
78,51,-0.7931272394571856,15:09:06.908
114,92,-0.7283607678314814,15:09:06.963
96,72,-0.6563167561776644,15:09:07.014
92,62,-0.5777150444455955,15:09:07.067
99,79,-0.49334099495663,15:09:07.121
68,89,-0.40403764532290903,15:09:07.172
101,53,-0.31069728509421013,15:09:07.223
87,89,-0.21425254029571764,15:09:07.276
87,86,-0.11566705493706401,15:09:07.328
71,61,-0.015925862599924186,15:09:07.383
65,68,0.08397445569192384,15:09:07.437
76,97,0.18303572898076265,15:09:07.487
97,72,0.28026816976919344,15:09:07.539
100,77,0.37470026364963,15:09:07.590
53,89,0.465388476355119,15:09:07.640
62,60,0.5514266812418447,15:09:07.694
75,118,0.6319552130070282,15:09:07.745
68,65,0.7061694571804652,15:09:07.800
61,111,0.7733278895663422,15:09:07.854
95,83,0.8327594853078859,15:09:07.906
117,85,0.8838704235459204,15:09:07.961
71,109,0.9261500206806009,15:09:08.017
102,96,0.9591758329531347,15:09:08.072
87,85,0.9826178773641765,15:09:08.122
87,117,0.9962419287548808,15:09:08.177
72,51,0.9999118601072645,15:09:08.231
70,75,0.9935910026803725,15:09:08.283
77,105,0.9773425123922165,15:09:08.335
108,66,0.9513287387867192,15:09:08.388
118,87,0.9158096028907363,15:09:08.439
110,82,0.8711400001690752,15:09:08.490
87,89,0.8177662545263231,15:09:08.540
55,85,0.7562216587859281,15:09:08.591
89,52,0.6871211462045894,15:09:08.645
72,76,0.6111551462624274,15:09:08.700
80,115,0.5290826861198429,15:09:08.755
89,95,0.44172380666903255,15:09:08.806
93,54,0.34995136895646245,15:09:08.859
76,80,0.2546823328438221,15:09:08.911
61,108,0.15686859504819248,15:09:08.964
104,119,0.05748747810470466,15:09:09.014
109,56,-0.042468034717171595,15:09:09.070
113,73,-0.14199922097421971,15:09:09.124
66,64,-0.2401115979539952,15:09:09.177
106,62,-0.3358248592173561,15:09:09.248
76,69,-0.42818266949635647,15:09:09.303
97,96,-0.5162622200801218,15:09:09.355
58,73,-0.5991834492144473,15:09:09.405
101,117,-0.676117835387937,15:09:09.456
50,85,-0.7462966756450723,15:09:09.509
114,101,-0.8090187662120443,15:09:09.562
100,116,-0.8636574086930742,15:09:09.617
87,93,-0.9096666718336256,15:09:09.671
110,50,-0.9465868462850383,15:09:09.722
101,93,-0.974049037868381,15:09:09.772
112,118,-0.9917788534431466,15:09:09.825
80,101,-0.9995991425528098,15:09:09.880
101,119,-0.9974317674536307,15:09:09.933
116,69,-0.9852983838411613,15:09:09.989
90,55,-0.963320224473694,15:09:10.040
61,57,-0.9317168878546153,15:09:10.090
110,111,-0.8908041440767483,15:09:10.143
68,51,-0.840990779751967,15:09:10.197
73,69,-0.7827745135504952,15:09:10.251
118,72,-0.716737023160479,15:09:10.306
82,98,-0.6435381333568037,15:09:10.356
73,79,-0.5639092232500512,15:09:10.407
91,94,-0.47864591858819033,15:09:10.460
75,70,-0.3886001421271011,15:09:10.512
92,66,-0.2946716015000063,15:09:10.567
65,116,-0.19779879963620456,15:09:10.622
69,85,-0.09894965755002794,15:09:10.673
102,88,0.0008881568059804929,15:09:10.724
95,109,0.10071709699276916,15:09:10.775
113,113,0.19953970523905196,15:09:10.830
74,111,0.2963685787096432,15:09:10.882
107,67,0.3902362353081948,15:09:10.936
112,112,0.48020478043849585,15:09:10.989
85,65,0.5653752781372515,15:09:11.040
72,100,0.6448967329450791,15:09:11.091
76,61,0.7179745927718371,15:09:11.144
113,58,0.783878687798465,15:09:11.197
101,98,0.8419505260924545,15:09:11.251
92,118,0.8916098730415694,15:09:11.305
57,108,0.9323605488662917,15:09:11.357
101,81,0.9637953862841635,15:09:11.407
95,114,0.9856002987906811,15:09:11.461
97,79,0.997557418907825,15:09:11.515
83,81,0.9995472750438832,15:09:11.568
117,68,0.9915499852141032,15:09:11.620
67,78,0.9736454556949117,15:09:11.672
57,113,0.9460125826268136,15:09:11.722
113,112,0.9089274645432923,15:09:11.774
86,110,0.862760643685528,15:09:11.824
92,112,0.8079734036668094,15:09:11.880
70,78,0.7451131604791498,15:09:11.931
60,109,0.6748079928936466,15:09:11.983
84,102,0.5977603669050155,15:09:12.037
89,89,0.5147401169235761,15:09:12.090
53,100,0.42657675384429683,15:09:12.142
65,99,0.3341511768481326,15:09:12.197
79,90,0.23838687174859532,15:09:12.251
93,116,0.1402406838267691,15:09:12.324
67,101,0.040693257349552474,15:09:12.375
75,57,-0.05926076270369842,15:09:12.425
78,74,-0.15862266880501769,15:09:12.476
84,115,-0.2563996696333202,15:09:12.530
97,59,-0.35161480971710896,15:09:12.581
81,61,-0.4433167308506074,15:09:12.634
85,63,-0.5305891777504746,15:09:12.688
88,50,-0.6125601529757225,15:09:12.739
60,100,-0.6884106296379023,15:09:12.790
86,84,-0.7573827348470396,15:09:12.841
90,99,-0.8187873221270312,15:09:12.892
78,106,-0.8720108571394337,15:09:12.947
78,98,-0.9165215479157645,15:09:12.998
111,115,-0.9518746583470648,15:09:13.051
106,104,-0.9777169518400896,15:09:13.105
74,87,-0.9937902207405829,15:09:13.159
84,116,-0.9999338662588075,15:09:13.210
111,87,-0.9960865031195645,15:09:13.264
110,79,-0.9822865729035719,15:09:13.318
118,97,-0.9586719599518976,15:09:13.372
79,54,-0.9254786136712014,15:09:13.423
64,76,-0.8830381910052587,15:09:13.479
67,69,-0.831774742628409,15:09:13.531
108,74,-0.7722004759713906,15:09:13.581
119,55,-0.7049106374140062,15:09:13.636
103,84,-0.6305775647800578,15:09:13.690
100,89,-0.5499439695600569,15:09:13.744
99,94,-0.46381551598351894,15:09:13.798
88,50,-0.3730527710882991,15:09:13.853
61,55,-0.2785626062192159,15:09:13.907
87,82,-0.18128913586934542,15:09:13.957
97,103,-0.08220428440008934,15:09:14.009
113,69,0.017701925105768793,15:09:14.065
113,62,0.11743126282744853,15:09:14.116
101,107,0.21598726618857095,15:09:14.166
102,84,0.312385196181835,15:09:14.217
94,85,0.4056618765556671,15:09:14.267
70,112,0.494885317552943,15:09:14.318
63,52,0.5791640280445663,15:09:14.368
71,81,0.6576559230141424,15:09:14.422
75,99,0.7295767373931061,15:09:14.472
82,78,0.7942078621780435,15:09:14.526
71,74,0.8509035245343125,15:09:14.580
61,63,0.8990972401447438,15:09:14.631
91,66,0.9383074733336821,15:09:14.684
74,56,0.9681424484122837,15:09:14.738
111,64,0.9883040641716944,15:09:14.791
70,119,0.9985908724117905,15:09:14.842
119,107,0.9989000907450034,15:09:14.894
55,57,0.989228629563962,15:09:14.948
50,97,0.969673122911827,15:09:15.002
110,56,0.9404289629468755,15:09:15.053
118,95,0.9017883476486434,15:09:15.107
91,61,0.8541373612723012,15:09:15.161
98,93,0.7979521167223996,15:09:15.216
53,104,0.7337939983901085,15:09:15.271
61,68,0.6623040529859501,15:09:15.324
116,55,0.5841965844129685,15:09:15.397
63,106,0.5002520166782486,15:09:15.449
75,69,0.4113090961542109,15:09:15.502
70,79,0.318256511102111,15:09:15.557
104,113,0.22202401219269438,15:09:15.608
110,90,0.12357312274482915,15:09:15.662
96,97,0.023887531502341065,15:09:15.715
86,100,-0.07603673605875033,15:09:15.766
73,117,-0.1752012696875459,15:09:15.818
79,76,-0.2726152501434634,15:09:15.873
76,103,-0.367305349134568,15:09:15.928
85,104,-0.4583254544921258,15:09:15.982
78,118,-0.5447661234106507,15:09:16.036
58,67,-0.625763669299795,15:09:16.091
60,107,-0.7005087914552633,15:09:16.141
98,84,-0.7682546613239306,15:09:16.192
65,76,-0.8283243845678764,15:09:16.245
85,101,-0.8801177643688576,15:09:16.299
53,101,-0.9231172983965181,15:09:16.353
61,105,-0.9568933495206096,15:09:16.407
93,77,0.09983341664682815,15:11:01.248
114,54,0.19866933079506122,15:11:01.298
93,90,0.2955202066613396,15:11:01.349
96,68,0.3894183423086505,15:11:01.400
66,64,0.479425538604203,15:11:01.454
111,115,0.5646424733950354,15:11:01.509
73,103,0.644217687237691,15:11:01.560
52,83,0.7173560908995227,15:11:01.611
106,60,0.7833269096274833,15:11:01.661
54,88,0.8414709848078964,15:11:01.716
65,89,0.8912073600614353,15:11:01.767
61,64,0.9320390859672263,15:11:01.823
108,77,0.963558185417193,15:11:01.876
116,52,0.9854497299884603,15:11:01.926
109,81,0.9974949866040544,15:11:01.977
111,57,0.9995736030415051,15:11:02.027
82,68,0.9916648104524686,15:11:02.078
64,68,0.973847630878195,15:11:02.130
70,115,0.9463000876874144,15:11:02.181
75,88,0.9092974268256815,15:11:02.234
86,104,0.8632093666488735,15:11:02.288
81,57,0.8084964038195899,15:11:02.341
65,102,0.7457052121767198,15:11:02.392
51,117,0.6754631805511504,15:11:02.443
66,118,0.5984721441039558,15:11:02.493
69,80,0.5155013718214634,15:11:02.546
104,102,0.42737988023382895,15:11:02.600
75,79,0.33498815015590383,15:11:02.651
74,54,0.23924932921398112,15:11:02.704
59,72,0.14112000805986588,15:11:02.759
112,111,0.04158066243328916,15:11:02.810
62,57,-0.05837414342758141,15:11:02.860
92,56,-0.15774569414324996,15:11:02.917
51,59,-0.25554110202683294,15:11:02.973
104,104,-0.3507832276896215,15:11:03.028
111,75,-0.44252044329485407,15:11:03.082
116,117,-0.5298361409084948,15:11:03.137
85,76,-0.6118578909427207,15:11:03.191
77,63,-0.6877661591839753,15:11:03.242
86,96,-0.7568024953079294,15:11:03.296
64,89,-0.8182771110644114,15:11:03.350
72,114,-0.8715757724135886,15:11:03.404
117,68,-0.9161659367494552,15:11:03.457
101,96,-0.9516020738895161,15:11:03.508
66,79,-0.977530117665097,15:11:03.559
114,87,-0.9936910036334644,15:11:03.610
110,114,-0.9999232575641008,15:11:03.663
82,119,-0.9961646088358408,15:11:03.717
106,100,-0.9824526126243328,15:11:03.771
87,71,-0.958924274663139,15:11:03.822
90,76,-0.9258146823277331,15:11:03.875
53,112,-0.8834546557201545,15:11:03.928
111,65,-0.8322674422239027,15:11:03.980
82,118,-0.7727644875559894,15:11:04.034
71,62,-0.7055403255703945,15:11:04.088
108,72,-0.6312666378723243,15:11:04.143
60,111,-0.5506855425976414,15:11:04.194
109,98,-0.4646021794137613,15:11:04.247
104,74,-0.37387666483024096,15:11:04.302
63,110,-0.27941549819893097,15:11:04.353
91,107,-0.18216250427210112,15:11:04.403
75,50,-0.0830894028175026,15:11:04.456
106,108,0.016813900484343496,15:11:04.509
108,92,0.11654920485048659,15:11:04.560
111,55,0.21511998808780858,15:11:04.612
100,106,0.3115413635133711,15:11:04.667
50,109,0.40484992061659103,15:11:04.721
86,99,0.4941133511386012,15:11:04.776
97,87,0.5784397643881929,15:11:04.828
69,110,0.6569865987187824,15:11:04.884
104,50,0.7289690401258698,15:11:04.935
74,71,0.7936678638491472,15:11:04.988
106,59,0.8504366206285593,15:11:05.042
65,50,0.8987080958116223,15:11:05.095
91,87,0.9379999767747351,15:11:05.150
94,100,0.9679196720314837,15:11:05.205
73,100,0.9881682338769986,15:11:05.258
98,50,0.9985433453746043,15:11:05.311
80,76,0.9989413418397726,15:11:05.361
64,65,0.9893582466233836,15:11:05.414
98,102,0.9698898108450894,15:11:05.468
97,91,0.9407305566797773,15:11:05.520
90,106,0.9021718337562995,15:11:05.575
100,104,0.8545989080882879,15:11:05.629
101,80,0.7984871126234989,15:11:05.683
98,92,0.734397097874123,15:11:05.733
96,108,0.662969230082194,15:11:05.787
91,104,0.5849171928917746,15:11:05.841
87,98,0.5010208564578985,15:11:05.896
89,116,0.41211848524177114,15:11:05.949
73,117,0.3190983623493673,15:11:06.001
107,106,0.22288991410026324,15:11:06.055
61,72,0.12445442350707932,15:11:06.109
59,99,0.024775425453375525,15:11:06.163
91,74,-0.0751511204617916,15:11:06.217
96,70,-0.17432678122296216,15:11:06.268
102,89,-0.2717606264109253,15:11:06.318
72,60,-0.36647912925191023,15:11:06.369
115,74,-0.45753589377530396,15:11:06.421
96,90,-0.5440211108893535,15:11:06.476
101,98,-0.6250706488928669,15:11:06.527
81,103,-0.6998746875935284,15:11:06.581
96,64,-0.7676858097635687,15:11:06.635
54,106,-0.8278264690856417,15:11:06.688
96,97,-0.8796957599716599,15:11:06.741
92,60,-0.9227754216127984,15:11:06.792
103,56,-0.9566350162701817,15:11:06.845
79,71,-0.980936230066487,15:11:06.900
77,92,-0.9954362533063752,15:11:06.951
89,87,-0.9999902065507036,15:11:07.002
60,101,-0.9945525882039916,15:11:07.053
65,97,-0.9791777291513221,15:11:07.105
115,117,-0.9540192499020964,15:11:07.157
103,85,-0.9193285256646855,15:11:07.210
101,76,-0.8754521746884406,15:11:07.261
93,70,-0.822828594968723,15:11:07.315
94,114,-0.7619835839190494,15:11:07.369
50,77,-0.6935250847771415,15:11:07.422
54,72,-0.6181371122370543,15:11:07.475
101,110,-0.5365729180004574,15:11:07.527
74,51,-0.4496474645346253,15:11:07.579
119,80,-0.35822928223685363,15:11:07.630
74,57,-0.2632317913658284,15:11:07.680
71,74,-0.16560417544833744,15:11:07.731
100,112,-0.06632189735122905,15:11:07.781
70,83,0.03362304722110829,15:11:07.835
70,84,0.13323204141991404,15:11:07.886
105,64,0.23150982510150958,15:11:07.939
65,95,0.3274744391376645,15:11:07.992
62,83,0.4201670368266135,15:11:08.045
118,54,0.5086614643723477,15:11:08.097
83,91,0.5920735147071987,15:11:08.148
111,119,0.6695697621965786,15:11:08.199
59,76,0.7403758899524271,15:11:08.253
72,72,0.8037844265516019,15:11:08.305
111,88,0.8591618148564795,15:11:08.357
115,54,0.9059547423084483,15:11:08.411
61,111,0.9436956694440937,15:11:08.462
111,72,0.972007501394968,15:11:08.514
103,63,0.9906073556948657,15:11:08.567
106,91,0.9993093887479164,15:11:08.619
75,58,0.9980266527163638,15:11:08.671
86,91,0.9867719642746191,15:11:08.725
81,101,0.9656577765492868,15:11:08.777
69,109,0.9348950555246957,15:11:08.831
79,78,0.8947911721405201,15:11:08.885
75,68,0.8457468311429532,15:11:08.936
83,119,0.7882520673753393,15:11:08.991
82,101,0.7228813495120019,15:11:09.059
113,97,0.6502878401571452,15:11:09.112
87,85,0.5711968696600193,15:11:09.167
54,110,0.4863986888538323,15:11:09.220
71,110,0.3967405731306479,15:11:09.271
60,115,0.3031183567457395,15:11:09.325
71,61,0.20646748193783482,15:11:09.380
110,107,0.10775365229948292,15:11:09.435
89,105,0.007963183785976422,15:11:09.486
106,51,-0.09190685022764096,15:11:09.537
86,82,-0.19085858137414927,15:11:09.592
102,54,-0.28790331666502617,15:11:09.643
100,117,-0.3820714171839697,15:11:09.696
103,107,-0.4724219863984317,15:11:09.747
95,92,-0.5580522712867468,15:11:09.801
76,58,-0.6381066823479201,15:11:09.855
99,108,-0.7117853423690981,15:11:09.909
61,50,-0.7783520785342762,15:11:09.964
84,103,-0.8371417780197293,15:11:10.017
72,86,-0.8875670335814898,15:11:10.067
116,107,-0.9291240127343579,15:11:10.122
64,77,-0.961397491879549,15:11:10.174
68,111,-0.9840650050816383,15:11:10.226
103,66,-0.9969000660415941,15:11:10.276
59,105,-0.9997744310730117,15:11:10.331
82,57,-0.9926593804706357,15:11:10.386
87,81,-0.9756260054681622,15:11:10.438
77,90,-0.9488444979181307,15:11:10.492
60,76,-0.9125824497911917,15:11:10.545
74,61,-0.8672021794855902,15:11:10.596
82,111,-0.8131571116614967,15:11:10.649
54,99,-0.7509872467716855,15:11:10.703
77,76,-0.6813137655555104,15:11:10.759
76,96,-0.6048328224062927,15:11:10.811
90,79,-0.5223085896267406,15:11:10.862
114,71,-0.43456562207190313,15:11:10.915
104,88,-0.3424806184696192,15:11:10.970
109,74,-0.24697366173662777,15:11:11.020
52,105,-0.1489990258142023,15:11:11.075
69,82,-0.049535640878370965,15:11:11.128
59,94,0.05042268780681122,15:11:11.181
117,94,0.14987720966295234,15:11:11.232
95,54,0.24783420798295983,15:11:11.283
86,68,0.3433149288198987,15:11:11.335
97,66,0.4353653603728964,15:11:11.390
100,55,0.5230657651577024,15:11:11.443
114,69,0.6055398697196066,15:11:11.498
109,73,0.6819636200681407,15:11:11.553
52,104,0.7515734153521554,15:11:11.605
66,105,0.8136737375071116,15:11:11.659
110,104,0.8676441006416744,15:11:11.713
98,52,0.9129452507276334,15:11:11.768
63,81,0.949124553647899,15:11:11.819
115,70,0.9758205177669794,15:11:11.870
77,89,0.9927664058359092,15:11:11.925
106,100,0.9997929001426696,15:11:11.976
119,63,0.9968297942787976,15:11:12.026
107,78,0.9839066946186122,15:11:12.077
119,84,0.9611527245021096,15:11:12.133
113,105,0.9287952340772312,15:11:12.186
92,95,0.887157528692338,15:11:12.237
68,87,0.8366556385360404,15:11:12.288
91,93,0.777794161801075,15:11:12.342
75,91,0.71116122290596,15:11:12.394
117,61,0.6374225961502142,15:11:12.445
83,76,0.5573150535176319,15:11:12.499
110,111,0.4716390030941648,15:11:12.550
77,84,0.38125049165490726,15:11:12.605
115,108,0.287052651327691,15:11:12.659
65,100,0.18998667579539938,15:11:12.713
57,72,0.09102241619980542,15:11:12.768
68,106,-0.008851309290446507,15:11:12.822
50,113,-0.10863659542412213,15:11:12.874
111,117,-0.20733642060680393,15:11:12.926
107,67,-0.30396460881109105,15:11:12.976
88,77,-0.39755568312147854,15:11:13.031
77,98,-0.48717451246055293,15:11:13.084
86,93,-0.5719256551096046,15:11:13.139
81,116,-0.6509623056662873,15:11:13.191
95,51,-0.7234947560442817,15:11:13.245
86,71,-0.7887982859754514,15:11:13.297
117,57,-0.846220404175201,15:11:13.349
68,101,-0.8951873678197071,15:11:13.402
69,58,-0.9352099151945603,15:11:13.453
54,59,-0.9658881542360861,15:11:13.504
85,96,-0.986915558120659,15:11:13.559
60,64,-0.9980820279794003,15:11:13.611
77,59,-0.9992759921366252,15:11:13.663
100,73,-0.9904855208971471,15:11:13.717
101,71,-0.9717984457438473,15:11:13.768
53,95,-0.9434014817545319,15:11:13.821
104,100,-0.9055783620065937,15:11:13.875
119,107,-0.8587070026098931,15:11:13.926
114,81,-0.8032557266939103,15:11:13.977
95,115,-0.7397785850778432,15:11:14.028
62,90,-0.6689098203779662,15:11:14.081
111,85,-0.5913575298650614,15:11:14.134
108,80,-0.5078965903905548,15:11:14.188
74,57,-0.4193609160731572,15:11:14.241
80,84,-0.326635126104645,15:11:14.294
61,58,-0.2306457059273127,15:11:14.349
98,76,-0.13235175009768851,15:11:14.405
99,66,-0.032735379330760095,15:11:14.459
78,105,0.06720807252556353,15:11:14.509
56,78,0.16648000353724682,15:11:14.560
51,89,0.26408852138455846,15:11:14.611
110,109,0.3590583540222545,15:11:14.664
116,84,0.4504405942754718,15:11:14.718
112,64,0.5373221810065527,15:11:14.771
89,82,0.6188350221201147,15:11:14.826
93,66,0.6941646682523136,15:11:14.876
52,116,0.7625584504796671,15:11:14.927
103,54,0.8233330007381381,15:11:14.978
115,68,0.8758810798109391,15:11:15.033
119,53,0.9196776446620603,15:11:15.085
73,102,0.9542850944927288,15:11:15.138
56,98,0.9793576431039386,15:11:15.204
78,110,0.9946447738778491,15:11:15.254
97,119,0.999993742857021,15:11:15.307
100,89,0.9953511049115485,15:11:15.358
71,54,0.9807632477451307,15:11:15.411
107,74,0.9563759284044698,15:11:15.463
52,92,0.9224328169230419,15:11:15.517
63,84,0.8792730616506684,15:11:15.571
80,94,0.8273279005953127,15:11:15.625
55,109,0.7671163526354526,15:11:15.677
83,57,0.6992400316550115,15:11:15.730
102,63,0.6243771354162971,15:11:15.784
57,65,0.5432756692321434,15:11:15.835
64,83,0.45674597214408225,15:11:15.888
89,92,0.36565262028250234,15:11:15.942
72,78,0.2709057883077459,15:11:15.993
87,102,0.17345215524576615,15:11:16.047
100,110,0.07426544558423022,15:11:16.101
104,111,-0.025663299860690894,15:11:16.153
87,102,-0.12533562609656304,15:11:16.203
106,63,-0.223755640186928,15:11:16.254
96,91,-0.319939961884326,15:11:16.309
117,76,-0.4129275492406663,15:11:16.359
110,74,-0.501789301020694,15:11:16.411
51,52,-0.5856373399744128,15:11:16.467
72,92,-0.6636338842130738,15:11:16.521
72,81,-0.734999618048874,15:11:16.572
73,71,-0.7990214786597014,15:11:16.624
63,89,-0.8550597807771458,15:11:16.675
92,79,-0.9025546082102497,15:11:16.726
100,87,-0.941031408343004,15:11:16.777
108,110,-0.9701057337072216,15:11:16.829
56,80,-0.9894870832545573,15:11:16.884
110,64,-0.9989818049469563,15:11:16.938
104,112,-0.9984950306638061,15:11:16.992
93,75,-0.9880316240928376,15:11:17.047
73,88,-0.9676961321337658,15:11:17.172
103,76,-0.9376917403002256,15:11:17.222
115,74,-0.8983182425572844,15:11:17.276
88,103,-0.8499690458792419,15:11:17.329
119,96,-0.7931272394571856,15:11:17.384
96,100,-0.7283607678314814,15:11:17.436
92,64,-0.6563167561776644,15:11:17.488
85,72,-0.5777150444455955,15:11:17.538
107,57,-0.49334099495663,15:11:17.592
57,92,-0.40403764532290903,15:11:17.646
109,72,-0.31069728509421013,15:11:17.698
62,86,-0.21425254029571764,15:11:17.750
61,76,-0.11566705493706401,15:11:17.801
117,117,-0.015925862599924186,15:11:17.851
92,53,0.08397445569192384,15:11:17.904
92,57,0.18303572898076265,15:11:17.959
106,96,0.28026816976919344,15:11:18.010
112,86,0.37470026364963,15:11:18.064
54,90,0.465388476355119,15:11:18.115
51,101,0.5514266812418447,15:11:18.168
102,69,0.6319552130070282,15:11:18.220
111,77,0.7061694571804652,15:11:18.275
69,103,0.7733278895663422,15:11:18.326
105,92,0.8327594853078859,15:11:18.382
77,51,0.8838704235459204,15:11:18.434
55,53,0.9261500206806009,15:11:18.488
70,94,0.9591758329531347,15:11:18.542
98,55,0.9826178773641765,15:11:18.598
75,89,0.9962419287548808,15:11:18.648
67,108,0.9999118601072645,15:11:18.700
84,72,0.9935910026803725,15:11:18.755
82,111,0.9773425123922165,15:11:18.809
95,118,0.9513287387867192,15:11:18.865
98,93,0.9158096028907363,15:11:18.917
61,68,0.8711400001690752,15:11:18.967
95,57,0.8177662545263231,15:11:19.019
64,90,0.7562216587859281,15:11:19.071
58,57,0.6871211462045894,15:11:19.127
101,80,0.6111551462624274,15:11:19.181
94,97,0.5290826861198429,15:11:19.233
52,84,0.44172380666903255,15:11:19.287
61,97,0.34995136895646245,15:11:19.342
109,86,0.2546823328438221,15:11:19.393
54,102,0.15686859504819248,15:11:19.444
97,81,0.05748747810470466,15:11:19.495
114,97,-0.042468034717171595,15:11:19.550
106,68,-0.14199922097421971,15:11:19.601
53,116,-0.2401115979539952,15:11:19.656
50,81,-0.3358248592173561,15:11:19.707
66,116,-0.42818266949635647,15:11:19.759
106,114,-0.5162622200801218,15:11:19.809
100,51,-0.5991834492144473,15:11:19.863
67,79,-0.676117835387937,15:11:19.918
66,55,-0.7462966756450723,15:11:19.973
56,104,-0.8090187662120443,15:11:20.024
56,75,-0.8636574086930742,15:11:20.077
68,75,-0.9096666718336256,15:11:20.131
81,65,-0.9465868462850383,15:11:20.182
91,104,-0.974049037868381,15:11:20.237
112,59,-0.9917788534431466,15:11:20.292
65,61,-0.9995991425528098,15:11:20.344
81,112,-0.9974317674536307,15:11:20.395
64,87,-0.9852983838411613,15:11:20.450
102,59,-0.963320224473694,15:11:20.500
53,55,-0.9317168878546153,15:11:20.551
106,92,-0.8908041440767483,15:11:20.606
104,91,-0.840990779751967,15:11:20.659
83,75,-0.7827745135504952,15:11:20.711
98,92,-0.716737023160479,15:11:20.762
87,94,-0.6435381333568037,15:11:20.817
116,58,-0.5639092232500512,15:11:20.872
102,99,-0.47864591858819033,15:11:20.922
100,95,-0.3886001421271011,15:11:20.977
111,82,-0.2946716015000063,15:11:21.028
89,59,-0.19779879963620456,15:11:21.082
107,74,-0.09894965755002794,15:11:21.134
99,79,0.0008881568059804929,15:11:21.187
64,77,0.10071709699276916,15:11:21.242
53,113,0.19953970523905196,15:11:21.293
52,85,0.2963685787096432,15:11:21.348
86,66,0.3902362353081948,15:11:21.402
118,118,0.48020478043849585,15:11:21.456
96,55,0.5653752781372515,15:11:21.509
54,76,0.6448967329450791,15:11:21.559
92,103,0.7179745927718371,15:11:21.615
61,94,0.783878687798465,15:11:21.667
73,63,0.8419505260924545,15:11:21.721
78,70,0.8916098730415694,15:11:21.772
91,79,0.9323605488662917,15:11:21.826
97,71,0.9637953862841635,15:11:21.877
97,50,0.9856002987906811,15:11:21.933
118,78,0.997557418907825,15:11:21.988
71,58,0.9995472750438832,15:11:22.039
83,54,0.9915499852141032,15:11:22.094
89,119,0.9736454556949117,15:11:22.144
84,55,0.9460125826268136,15:11:22.199
114,117,0.9089274645432923,15:11:22.253
113,100,0.862760643685528,15:11:22.306
100,98,0.8079734036668094,15:11:22.360
70,82,0.7451131604791498,15:11:22.410
70,81,0.6748079928936466,15:11:22.461
105,72,0.5977603669050155,15:11:22.516
57,95,0.5147401169235761,15:11:22.568
85,94,0.42657675384429683,15:11:22.624
63,101,0.3341511768481326,15:11:22.675
115,93,0.23838687174859532,15:11:22.725
59,71,0.1402406838267691,15:11:22.777
70,93,0.040693257349552474,15:11:22.830
74,115,-0.05926076270369842,15:11:22.882
66,106,-0.15862266880501769,15:11:22.936
96,54,-0.2563996696333202,15:11:22.987
71,113,-0.35161480971710896,15:11:23.039
103,72,-0.4433167308506074,15:11:23.092
72,81,-0.5305891777504746,15:11:23.143
109,55,-0.6125601529757225,15:11:23.196
116,117,-0.6884106296379023,15:11:23.247
119,89,-0.7573827348470396,15:11:23.300
92,96,-0.8187873221270312,15:11:23.353
109,90,-0.8720108571394337,15:11:23.406
78,110,-0.9165215479157645,15:11:23.457
88,103,-0.9518746583470648,15:11:23.509
86,68,-0.9777169518400896,15:11:23.560
89,69,-0.9937902207405829,15:11:23.610
76,103,-0.9999338662588075,15:11:23.662
82,105,-0.9960865031195645,15:11:23.714
105,103,-0.9822865729035719,15:11:23.767
112,119,-0.9586719599518976,15:11:23.823
107,110,-0.9254786136712014,15:11:23.875
89,114,-0.8830381910052587,15:11:23.926
86,107,-0.831774742628409,15:11:23.977
75,71,-0.7722004759713906,15:11:24.032
76,71,-0.7049106374140062,15:11:24.084
64,86,-0.6305775647800578,15:11:24.136
56,67,-0.5499439695600569,15:11:24.190
112,51,-0.46381551598351894,15:11:24.245
79,103,-0.3730527710882991,15:11:24.298
116,64,-0.2785626062192159,15:11:24.351
103,54,-0.18128913586934542,15:11:24.420
51,66,-0.08220428440008934,15:11:24.472
56,100,0.017701925105768793,15:11:24.523
58,99,0.11743126282744853,15:11:24.574
91,52,0.21598726618857095,15:11:24.624
65,81,0.312385196181835,15:11:24.675
109,118,0.4056618765556671,15:11:24.729
84,64,0.494885317552943,15:11:24.784
119,60,0.5791640280445663,15:11:24.840
86,73,0.6576559230141424,15:11:24.892
92,75,0.7295767373931061,15:11:24.945
98,117,0.7942078621780435,15:11:25.001
59,74,0.8509035245343125,15:11:25.056
66,65,0.8990972401447438,15:11:25.112
95,50,0.9383074733336821,15:11:25.167
112,119,0.9681424484122837,15:11:25.222
93,103,0.9883040641716944,15:11:25.274
105,84,0.9985908724117905,15:11:25.325
106,64,0.9989000907450034,15:11:25.379
86,112,0.989228629563962,15:11:25.434
99,96,0.969673122911827,15:11:25.490
112,60,0.9404289629468755,15:11:25.541
108,88,0.9017883476486434,15:11:25.594
74,90,0.8541373612723012,15:11:25.647
60,54,0.7979521167223996,15:11:25.701
97,104,0.7337939983901085,15:11:25.756
72,107,0.6623040529859501,15:11:25.807
110,53,0.5841965844129685,15:11:25.858
85,65,0.5002520166782486,15:11:25.909
82,99,0.4113090961542109,15:11:25.963
109,88,0.318256511102111,15:11:26.017
73,104,0.22202401219269438,15:11:26.067
112,63,0.12357312274482915,15:11:26.122
68,50,0.023887531502341065,15:11:26.177
55,112,-0.07603673605875033,15:11:26.230
83,55,-0.1752012696875459,15:11:26.284
106,50,-0.2726152501434634,15:11:26.334
66,73,-0.367305349134568,15:11:26.386
85,50,-0.4583254544921258,15:11:26.439
72,102,-0.5447661234106507,15:11:26.492
89,101,-0.625763669299795,15:11:26.543
58,118,-0.7005087914552633,15:11:26.594
78,71,-0.7682546613239306,15:11:26.644
83,119,-0.8283243845678764,15:11:26.695
112,103,-0.8801177643688576,15:11:26.750
79,74,-0.9231172983965181,15:11:26.804
110,55,-0.9568933495206096,15:11:26.859
104,116,-0.9811084386031781,15:11:26.909
95,71,-0.995520616478555,15:11:26.960
96,75,-0.9999858814294422,15:11:27.011
111,77,-0.9944596180044706,15:11:27.061
108,97,-0.9789970428010428,15:11:27.114
94,56,-0.9537526527593436,15:11:27.167
88,63,-0.918978681479984,15:11:27.223
74,53,-0.8750225789892403,15:11:27.274
90,93,-0.8223235401332446,15:11:27.325
64,109,-0.7614081162882599,15:11:27.375
88,72,-0.6928849542333831,15:11:27.429
55,78,-0.617438714753121,15:11:27.493
108,108,-0.5358232317331489,15:11:27.544
102,73,-0.4488539801013109,15:11:27.599
58,73,-0.35739992787169983,15:11:27.650
116,96,-0.26237485370350366,15:11:27.705
105,119,-0.16472821672669768,15:11:27.759
85,73,-0.06543566986026736,15:11:27.812
57,62,0.03451068858925011,15:11:27.867
53,50,0.13411222764610073,15:11:27.921
51,115,0.2323737616559199,15:11:27.972
77,86,0.32831349385182623,15:11:28.025
113,50,0.4209728261431772,15:11:28.075
63,77,0.5094259371108205,15:11:28.126
101,92,0.5927890325086789,15:11:28.177
55,81,0.6702291758437122,15:11:28.230
100,62,0.740972610802025,15:11:28.284
86,81,0.8043124923661843,15:11:28.340
103,84,0.859615949376982,15:11:28.393
94,85,0.9063304079728589,15:11:28.444
81,110,0.9439891127252716,15:11:28.497
116,108,0.9722157903046471,15:11:28.550
108,51,0.9907284090791111,15:11:28.606
85,101,0.9993419970813273,15:11:28.660
104,53,0.9979704901872514,15:11:28.710
108,114,0.9866275920404088,15:11:28.761
116,56,0.9654266371296195,15:11:28.813
82,65,0.9345794583882479,15:11:28.864
80,64,0.8943942706295562,15:11:28.917
68,88,0.8452725909661725,15:11:28.968
103,119,0.7877052269838246,15:11:29.021
109,87,0.7222673727541837,15:11:29.075
109,56,0.6496128616858338,15:11:29.128
54,71,0.5704676336369813,15:11:29.180
110,112,0.4856224815643565,15:11:29.235
83,114,0.3959251501813905,15:11:29.291
78,93,0.30227186557326635,15:11:29.345
116,97,0.20559838040212833,15:11:29.401
106,99,0.10687062417580104,15:11:29.456
104,100,0.007075051999440675,15:11:29.511
65,98,-0.09279121175779685,15:11:29.562
87,103,-0.19173033639984702,15:11:29.615
118,104,-0.2887537548982128,15:11:29.667
110,94,-0.38289204132693666,15:11:29.723
91,63,-0.473204597046003,15:11:29.775
111,58,-0.5587890488520287,15:11:29.825
58,74,-0.6387902651930264,15:11:29.876
92,50,-0.712408900360203,15:11:29.927
112,90,-0.7789093812860536,15:11:29.979
52,63,-0.8376272571473031,15:11:30.034
107,110,-0.8879758383378953,15:11:30.090
73,88,-0.929452058477602,15:11:30.140
85,76,-0.9616415008850029,15:11:30.195
81,118,-0.984222539291978,15:11:30.246
114,106,-0.9969695514270638,15:11:30.301
119,95,-0.9997551733586085,15:11:30.356
56,91,-0.9925515720730763,15:11:30.410
119,91,-0.9754307235733183,15:11:30.462
114,65,-0.948563693718144,15:11:30.516
51,89,-0.9122189289888069,15:11:30.567
88,117,-0.8667595742605005,15:11:30.620
51,96,-0.8126398443788057,15:11:30.675
60,64,-0.7504004857950958,15:11:30.730
56,105,-0.6806633736067427,15:11:30.783
118,58,-0.6041252979867081,15:11:30.835
61,87,-0.5215510020864633,15:11:30.887
55,102,-0.43376554097521025,15:11:30.942
50,105,-0.3416460379623574,15:11:30.993
64,96,-0.24611292067134977,15:11:31.048
