 52,117,0.10033467208545055,18:22:19.424
98,73,0.20271003550867248,18:22:19.477
103,113,0.30933624960962325,18:22:19.529
64,104,0.4227932187381618,18:22:19.585
95,63,0.5463024898437905,18:22:19.637
109,100,0.6841368083416923,18:22:19.691
119,68,0.8422883804630793,18:22:19.746
58,95,1.029638557050364,18:22:19.801
65,75,1.2601582175503387,18:22:19.852
65,95,1.5574077246549016,18:22:19.905
99,54,1.9647596572486514,18:22:19.958
89,85,2.5721516221263183,18:22:20.012
103,112,3.602102447967979,18:22:20.063
50,57,5.797883715482894,18:22:20.116
71,90,14.101419947171765,18:22:20.170
62,86,-34.23253273555705,18:22:20.223
93,90,-7.696602139459134,18:22:20.279
73,56,-4.286261674628054,18:22:20.334
69,59,-2.9270975146777674,18:22:20.387
82,96,-2.1850398632615162,18:22:20.441
112,71,-1.7098465429045056,18:22:20.493
58,67,-1.3738230567687937,18:22:20.546
57,105,-1.1192136417341307,18:22:20.597
65,66,-0.9160142896734091,18:22:20.649
105,95,-0.7470222972386589,18:22:20.703
105,59,-0.6015966130897573,18:22:20.755
99,107,-0.4727276291030362,18:22:20.808
53,75,-0.3555298316511746,18:22:20.859
72,61,-0.24640539397196495,18:22:20.911
73,109,-0.14254654307427642,18:22:20.963
109,58,-0.041616654585634565,18:22:21.018
103,107,0.05847385445957998,18:22:21.071
68,72,0.15974574766003402,18:22:21.126
82,72,0.2643169008674271,18:22:21.181
80,92,0.3745856401585967,18:22:21.235
55,68,0.49346672998490604,18:22:21.286
113,71,0.6247330752245663,18:22:21.340
117,63,0.7735560905031293,18:22:21.393
56,87,0.9474246499358968,18:22:21.444
68,109,1.1578212823495817,18:22:21.497
80,119,1.4235264831943704,18:22:21.550
117,92,1.7777797745088453,18:22:21.601
50,86,2.2858478773669857,18:22:21.654
89,74,3.0963237806497457,18:22:21.704
61,95,4.637332054551184,18:22:21.755
109,108,8.860174895648045,18:22:21.809
62,75,80.71276296746898,18:22:21.860
116,115,-11.384870654243038,18:22:21.910
97,85,-5.2674930658267884,18:22:21.964
68,96,-3.3805150062466076,18:22:22.018
67,97,-2.4493894155846108,18:22:22.071
96,114,-1.885641877519776,18:22:22.122
106,87,-1.5012733958069386,18:22:22.177
82,75,-1.217540824620564,18:22:22.230
87,66,-0.9955840522138921,18:22:22.290
71,112,-0.8139432836897086,18:22:22.343
84,55,-0.6597305715207826,18:22:22.394
81,106,-0.5246662219468059,18:22:22.447
101,100,-0.4031108998732324,18:22:22.501
65,94,-0.2910061913847549,18:22:22.552
118,85,-0.18526223068914074,18:22:22.603
98,107,-0.08337771486593488,18:22:22.653
63,92,0.01681627769417584,18:22:22.704
52,53,0.1173489474610743,18:22:22.756
53,75,0.22027720034588935,18:22:22.810
116,67,0.3278580067131256,18:22:22.864
98,50,0.4427574167327067,18:22:22.918
60,101,0.5683399786900458,18:22:22.971
73,110,0.7091111506796803,18:22:23.023
54,117,0.8714479827243031,18:22:23.077
80,88,1.0648931268833632,18:22:23.130
53,74,1.3046209400556117,18:22:23.182
119,87,1.6165614239934638,18:22:23.237
106,102,2.04928416912803,18:22:23.291
105,86,2.7060138667726017,18:22:23.343
65,92,3.8522656946844696,18:22:23.398
101,79,6.44287247349206,18:22:23.452
57,110,18.506821649456764,18:22:23.504
103,117,-21.715112681260386,18:22:23.555
54,106,-6.799711455220966,18:22:23.605
70,109,-3.9823982467562016,18:22:23.660
115,65,-2.773749295383529,18:22:23.713
82,105,-2.0913775142886246,18:22:23.768
81,117,-1.6457107262279547,18:22:23.818
60,110,-1.3263643277856463,18:22:23.869
117,53,-1.0820324237864605,18:22:23.920
98,100,-0.8855569366148323,18:22:23.970
86,64,-0.7211468755756271,18:22:24.021
77,76,-0.5789235879335682,18:22:24.071
72,72,-0.4523156594418291,18:22:24.125
62,62,-0.3367005264328918,18:22:24.181
51,73,-0.22864171155904336,18:22:24.235
60,110,-0.1254295978086527,18:22:24.286
55,69,-0.02478303280268606,18:22:24.341
96,98,0.0753642387573762,18:22:24.394
92,56,0.17703760658485146,18:22:24.448
83,103,0.2823883457369724,18:22:24.500
55,91,0.3938830407517199,18:22:24.556
53,58,0.514552908476892,18:22:24.609
98,59,0.648360827459059,18:22:24.665
89,84,0.800789302937479,18:22:24.718
98,56,0.9798520838950587,18:22:24.770
64,98,1.1979621761609893,18:22:24.821
69,98,1.4756679142515898,18:22:24.874
119,93,1.8498999934218328,18:22:24.929
108,73,2.394715716509798,18:22:24.984
56,118,3.284140805377299,18:22:25.035
85,59,5.047788309885453,18:22:25.085
58,85,10.431187663531848,18:22:25.136
83,76,-225.95084645537412,18:22:25.191
67,101,-9.541351662277421,18:22:25.246
76,53,-4.823420043894485,18:22:25.297
119,79,-3.1827658754334625,18:22:25.352
94,73,-2.336340190554633,18:22:25.403
91,89,-1.8113874503269314,18:22:25.455
50,51,-1.4479035897676056,18:22:25.508
88,97,-1.1766335577235758,18:22:25.560
76,89,-0.9626510533625988,18:22:25.614
93,95,-0.786363656369683,18:22:25.668
118,115,-0.6358599286616181,18:22:25.721
105,80,-0.5034084056756236,18:22:25.777
60,105,-0.3836936302696258,18:22:25.830
75,116,-0.2728546609551555,18:22:25.885
51,52,-0.167922802749185,18:22:25.940
72,95,-0.06646824186330275,18:22:25.993
69,98,0.03364206893466011,18:22:26.047
72,92,0.13443050661849226,18:22:26.098
87,118,0.23797499514783998,18:22:26.150
63,77,0.34658512997906654,18:22:26.201
112,57,0.46302113293645286,18:22:26.252
119,106,0.5908027728907977,18:22:26.304
115,64,0.7346882998399904,18:22:26.355
70,52,0.9014749350164459,18:22:26.405
67,80,1.1014333650065138,18:22:26.460
54,81,1.35107834728692,18:22:26.511
103,115,1.67902112848005,18:22:26.565
85,58,2.139842260672227,18:22:26.617
109,72,2.8526397461161146,18:22:26.670
88,53,4.137085559102404,18:22:26.722
102,66,7.244606616093,18:22:26.776
119,100,26.893240768466264,18:22:26.831
87,100,-15.894239021336649,18:22:26.886
85,104,-6.086885200236608,18:22:26.937
69,75,-3.7166792496916656,18:22:26.991
79,56,-2.6340691325041146,18:22:27.045
54,115,-2.004079397424382,18:22:27.098
58,101,-1.5850291957554246,18:22:27.150
54,82,-1.280976495927097,18:22:27.204
72,86,-1.0461801063534786,18:22:27.256
117,100,-0.8559934009085834,18:22:27.311
54,63,-0.6958915171950101,18:22:27.363
64,80,-0.5566877656678912,18:22:27.418
51,66,-0.43221186346054563,18:22:27.469
100,77,-0.3180832456401719,18:22:27.523
97,65,-0.21101410520129613,18:22:27.577
64,115,-0.10838470869786536,18:22:27.629
80,82,-0.007963436279868605,18:22:27.685
64,78,0.09229748930238175,18:22:27.735
104,100,0.19443273260270857,18:22:27.789
95,65,0.3006322420238588,18:22:27.842
82,90,0.4134377842164334,18:22:27.897
60,73,0.5360071837552604,18:22:27.950
79,70,0.6725094866584916,18:22:28.003
96,94,0.8287659881567199,18:22:28.056
99,82,1.013366065199273,18:22:28.110
82,84,1.2397536185665619,18:22:28.165
98,108,1.530463000811235,18:22:28.217
87,91,1.926651374375434,18:22:28.271
111,115,2.512719731615743,18:22:28.321
117,77,3.493915645474465,18:22:28.373
78,69,5.534391461952542,18:22:28.428
84,104,12.670601676093694,18:22:28.483
75,60,-47.07300065522242,18:22:28.537
99,102,-8.207622239274064,18:22:28.588
71,50,-4.44598144836595,18:22:28.638
97,89,-3.005109311380914,18:22:28.694
63,112,-2.231838234968004,18:22:28.747
101,68,-1.7415229986684118,18:22:28.802
112,61,-1.3970709414371458,18:22:28.853
103,97,-1.1373137123377195,18:22:28.909
86,65,-0.9307673211982382,18:22:28.963
85,63,-0.7595039193946128,18:22:29.014
85,86,-0.6124943728917664,18:22:29.064
68,76,-0.4825074823402958,18:22:29.118
79,65,-0.3645253263096477,18:22:29.173
80,88,-0.2548689426684395,18:22:29.224
76,70,-0.15068102647523982,18:22:29.278
62,93,-0.04959652772893464,18:22:29.332
90,119,0.050486908808590095,18:22:29.388
102,82,0.15158947061240008,18:22:29.440
72,106,0.25581500704963567,18:22:29.494
81,104,0.3655318265062059,18:22:29.546
115,106,0.4836028838722401,18:22:29.601
56,55,0.6137163863982793,18:22:29.652
65,98,0.7609053519829878,18:22:29.706
66,84,0.9324262850065083,18:22:29.760
107,78,1.1393527448686593,18:22:29.811
107,91,1.3996958671952555,18:22:29.864
92,51,1.7451103985512235,18:22:29.917
113,73,2.237160944224828,18:22:29.968
76,86,3.014041974717072,18:22:30.020
61,111,4.4644987065658945,18:22:30.075
64,81,8.268787029469232,18:22:30.131
76,95,49.12783631856673,18:22:30.183
59,96,-12.528721729994588,18:22:30.234
68,81,-5.506436913137305,18:22:30.288
100,104,-3.4822216455107498,18:22:30.339
77,114,-2.5062384271973706,18:22:30.393
106,116,-1.9224735397003088,18:22:30.445
105,103,-1.5274985276365085,18:22:30.500
80,60,-1.237502851910901,18:22:30.551
111,95,-1.0115674686713758,18:22:30.603
92,77,-0.8272688995062628,18:22:30.654
111,59,-0.671220413500932,18:22:30.704
76,98,-0.5348643997933775,18:22:30.757
90,88,-0.4123981953806191,18:22:30.809
55,107,-0.2996640719604243,18:22:30.862
107,104,-0.19351115861953225,18:22:30.917
98,81,-0.09140183951022304,18:22:30.968
72,75,0.008851656041727097,18:22:31.023
82,113,0.10928338576270476,18:22:31.077
55,69,0.21194198318593327,18:22:31.130
68,113,0.31906154020534244,18:22:31.185
70,98,0.4332663394585884,18:22:31.236
82,71,0.5578517393522593,18:22:31.290
64,58,0.6972105930488727,18:22:31.341
115,56,0.8575335036258025,18:22:31.392
76,65,1.0480420752253023,18:22:31.443
112,67,1.283324702430357,18:22:31.494
116,97,1.588153083391474,18:22:31.545
106,56,2.008542634852357,18:22:31.597
119,77,2.6411361414286962,18:22:31.650
82,111,3.729879722176929,18:22:31.703
66,114,6.12086342231864,18:22:31.754
109,66,16.122724949345773,18:22:31.805
114,98,-26.26500189836222,18:22:31.857
105,77,-7.197407823601544,18:22:31.910
91,72,-4.121055070777776,18:22:31.963
66,53,-2.844544672185357,18:22:32.014
78,85,-2.1348966977213055,18:22:32.070
117,50,-1.675634207565748,18:22:32.120
77,72,-1.3485719443861977,18:22:32.174
104,52,-1.09946965613962,18:22:32.227
81,118,-0.8998662986354842,18:22:32.282
92,119,-0.7333216366242002,18:22:32.335
95,99,-0.5896052347089993,18:22:32.389
91,87,-0.46194300840128505,18:22:32.443
91,88,-0.34559059241375945,18:22:32.497
77,78,-0.23703673809764422,18:22:32.550
98,98,-0.13352640702144908,18:22:32.601
84,61,-0.03275293313914781,18:22:32.652
50,68,0.06736037558826945,18:22:32.705
58,108,0.16883614043772316,18:22:32.756
57,97,0.10033467208545055,15:08:50.822
68,78,0.20271003550867248,15:08:50.877
66,72,0.30933624960962325,15:08:50.931
116,50,0.4227932187381618,15:08:50.982
83,75,0.5463024898437905,15:08:51.033
95,89,0.6841368083416923,15:08:51.083
99,94,0.8422883804630793,15:08:51.136
61,60,1.029638557050364,15:08:51.187
94,111,1.2601582175503387,15:08:51.242
94,118,1.5574077246549016,15:08:51.295
55,93,1.9647596572486514,15:08:51.349
106,55,2.5721516221263183,15:08:51.400
68,114,3.602102447967979,15:08:51.451
97,107,5.797883715482894,15:08:51.502
100,72,14.101419947171765,15:08:51.552
66,64,-34.23253273555705,15:08:51.603
72,54,-7.696602139459134,15:08:51.657
55,105,-4.286261674628054,15:08:51.712
100,114,-2.9270975146777674,15:08:51.763
110,108,-2.1850398632615162,15:08:51.817
110,61,-1.7098465429045056,15:08:51.867
59,95,-1.3738230567687937,15:08:51.918
117,90,-1.1192136417341307,15:08:51.972
86,110,-0.9160142896734091,15:08:52.025
76,99,-0.7470222972386589,15:08:52.078
63,65,-0.6015966130897573,15:08:52.132
100,106,-0.4727276291030362,15:08:52.183
112,55,-0.3555298316511746,15:08:52.233
72,74,-0.24640539397196495,15:08:52.284
103,80,-0.14254654307427642,15:08:52.335
94,111,-0.041616654585634565,15:08:52.387
88,80,0.05847385445957998,15:08:52.442
82,77,0.15974574766003402,15:08:52.495
92,57,0.2643169008674271,15:08:52.549
77,67,0.3745856401585967,15:08:52.600
84,104,0.49346672998490604,15:08:52.654
92,68,0.6247330752245663,15:08:52.705
115,110,0.7735560905031293,15:08:52.759
57,83,0.9474246499358968,15:08:52.812
104,72,1.1578212823495817,15:08:52.866
107,97,1.4235264831943704,15:08:52.917
61,91,1.7777797745088453,15:08:52.971
81,81,2.2858478773669857,15:08:53.025
106,116,3.0963237806497457,15:08:53.078
62,96,4.637332054551184,15:08:53.133
94,109,8.860174895648045,15:08:53.185
77,57,80.71276296746898,15:08:53.241
71,57,-11.384870654243038,15:08:53.296
99,105,-5.2674930658267884,15:08:53.349
51,115,-3.3805150062466076,15:08:53.399
69,64,-2.4493894155846108,15:08:53.450
110,60,-1.885641877519776,15:08:53.500
68,50,-1.5012733958069386,15:08:53.551
73,113,-1.217540824620564,15:08:53.602
54,107,-0.9955840522138921,15:08:53.655
103,111,-0.8139432836897086,15:08:53.708
77,86,-0.6597305715207826,15:08:53.759
96,76,-0.5246662219468059,15:08:53.811
50,85,-0.4031108998732324,15:08:53.884
104,97,-0.2910061913847549,15:08:53.935
82,58,-0.18526223068914074,15:08:53.986
79,64,-0.08337771486593488,15:08:54.040
58,95,0.01681627769417584,15:08:54.095
61,53,0.1173489474610743,15:08:54.150
88,114,0.22027720034588935,15:08:54.200
105,63,0.3278580067131256,15:08:54.252
91,85,0.4427574167327067,15:08:54.303
117,67,0.5683399786900458,15:08:54.358
58,91,0.7091111506796803,15:08:54.409
103,58,0.8714479827243031,15:08:54.462
90,105,1.0648931268833632,15:08:54.514
50,65,1.3046209400556117,15:08:54.565
55,90,1.6165614239934638,15:08:54.616
96,115,2.04928416912803,15:08:54.667
76,92,2.7060138667726017,15:08:54.719
78,111,3.8522656946844696,15:08:54.770
87,95,6.44287247349206,15:08:54.825
65,77,18.506821649456764,15:08:54.878
114,65,-21.715112681260386,15:08:54.933
70,73,-6.799711455220966,15:08:54.984
58,110,-3.9823982467562016,15:08:55.037
118,97,-2.773749295383529,15:08:55.092
61,95,-2.0913775142886246,15:08:55.143
50,77,-1.6457107262279547,15:08:55.198
72,78,-1.3263643277856463,15:08:55.251
107,67,-1.0820324237864605,15:08:55.306
93,93,-0.8855569366148323,15:08:55.359
100,67,-0.7211468755756271,15:08:55.413
67,109,-0.5789235879335682,15:08:55.467
53,115,-0.4523156594418291,15:08:55.518
119,82,-0.3367005264328918,15:08:55.571
50,87,-0.22864171155904336,15:08:55.625
68,108,-0.1254295978086527,15:08:55.678
94,105,-0.02478303280268606,15:08:55.732
101,81,0.0753642387573762,15:08:55.784
52,79,0.17703760658485146,15:08:55.836
101,89,0.2823883457369724,15:08:55.892
84,81,0.3938830407517199,15:08:55.944
115,73,0.514552908476892,15:08:55.995
101,68,0.648360827459059,15:08:56.050
84,63,0.800789302937479,15:08:56.104
86,103,0.9798520838950587,15:08:56.155
83,105,1.1979621761609893,15:08:56.209
92,119,1.4756679142515898,15:08:56.261
109,66,1.8498999934218328,15:08:56.315
109,82,2.394715716509798,15:08:56.366
109,111,3.284140805377299,15:08:56.417
80,60,5.047788309885453,15:08:56.467
72,53,10.431187663531848,15:08:56.518
114,52,-225.95084645537412,15:08:56.569
73,100,-9.541351662277421,15:08:56.620
95,119,-4.823420043894485,15:08:56.674
84,103,-3.1827658754334625,15:08:56.728
116,60,-2.336340190554633,15:08:56.783
63,68,-1.8113874503269314,15:08:56.837
98,104,-1.4479035897676056,15:08:56.892
51,104,-1.1766335577235758,15:08:56.953
107,64,-0.9626510533625988,15:08:57.008
62,55,-0.786363656369683,15:08:57.062
66,94,-0.6358599286616181,15:08:57.114
55,105,-0.5034084056756236,15:08:57.167
50,86,-0.3836936302696258,15:08:57.219
109,99,-0.2728546609551555,15:08:57.275
119,59,-0.167922802749185,15:08:57.331
102,86,-0.06646824186330275,15:08:57.384
69,102,0.03364206893466011,15:08:57.439
54,52,0.13443050661849226,15:08:57.492
98,108,0.23797499514783998,15:08:57.544
114,94,0.34658512997906654,15:08:57.596
53,106,0.46302113293645286,15:08:57.650
89,104,0.5908027728907977,15:08:57.701
86,97,0.7346882998399904,15:08:57.753
70,81,0.9014749350164459,15:08:57.807
50,65,1.1014333650065138,15:08:57.862
92,58,1.35107834728692,15:08:57.913
51,83,1.67902112848005,15:08:57.965
101,74,2.139842260672227,15:08:58.017
67,83,2.8526397461161146,15:08:58.067
65,99,4.137085559102404,15:08:58.118
73,114,7.244606616093,15:08:58.172
71,111,26.893240768466264,15:08:58.226
91,64,-15.894239021336649,15:08:58.276
109,110,-6.086885200236608,15:08:58.332
109,78,-3.7166792496916656,15:08:58.383
70,110,-2.6340691325041146,15:08:58.434
83,96,-2.004079397424382,15:08:58.487
69,87,-1.5850291957554246,15:08:58.542
65,92,-1.280976495927097,15:08:58.594
54,100,-1.0461801063534786,15:08:58.650
111,118,-0.8559934009085834,15:08:58.705
54,73,-0.6958915171950101,15:08:58.759
78,56,-0.5566877656678912,15:08:58.811
106,108,-0.43221186346054563,15:08:58.862
58,84,-0.3180832456401719,15:08:58.917
73,96,-0.21101410520129613,15:08:58.968
84,84,-0.10838470869786536,15:08:59.019
59,92,-0.007963436279868605,15:08:59.073
108,54,0.09229748930238175,15:08:59.126
72,114,0.19443273260270857,15:08:59.177
95,75,0.3006322420238588,15:08:59.229
103,98,0.4134377842164334,15:08:59.283
111,66,0.5360071837552604,15:08:59.339
56,100,0.6725094866584916,15:08:59.393
52,66,0.8287659881567199,15:08:59.445
111,65,1.013366065199273,15:08:59.496
83,53,1.2397536185665619,15:08:59.551
112,117,1.530463000811235,15:08:59.602
83,102,1.926651374375434,15:08:59.655
54,100,2.512719731615743,15:08:59.706
55,62,3.493915645474465,15:08:59.759
65,118,5.534391461952542,15:08:59.813
112,61,12.670601676093694,15:08:59.865
111,101,-47.07300065522242,15:08:59.919
71,94,-8.207622239274064,15:08:59.973
76,114,-4.44598144836595,15:09:00.032
85,103,-3.005109311380914,15:09:00.086
101,118,-2.231838234968004,15:09:00.136
75,96,-1.7415229986684118,15:09:00.189
110,95,-1.3970709414371458,15:09:00.243
53,76,-1.1373137123377195,15:09:00.297
105,103,-0.9307673211982382,15:09:00.347
103,65,-0.7595039193946128,15:09:00.400
73,109,-0.6124943728917664,15:09:00.451
51,53,-0.4825074823402958,15:09:00.506
57,65,-0.3645253263096477,15:09:00.560
67,82,-0.2548689426684395,15:09:00.613
64,61,-0.15068102647523982,15:09:00.668
88,73,-0.04959652772893464,15:09:00.723
112,112,0.050486908808590095,15:09:00.777
104,106,0.15158947061240008,15:09:00.829
76,104,0.25581500704963567,15:09:00.885
88,89,0.3655318265062059,15:09:00.935
118,63,0.4836028838722401,15:09:00.986
59,108,0.6137163863982793,15:09:01.037
64,75,0.7609053519829878,15:09:01.090
61,115,0.9324262850065083,15:09:01.144
58,117,1.1393527448686593,15:09:01.197
73,68,1.3996958671952555,15:09:01.252
110,117,1.7451103985512235,15:09:01.303
85,104,2.237160944224828,15:09:01.354
70,68,3.014041974717072,15:09:01.405
84,73,4.4644987065658945,15:09:01.458
68,84,8.268787029469232,15:09:01.511
95,60,49.12783631856673,15:09:01.564
75,109,-12.528721729994588,15:09:01.619
98,113,-5.506436913137305,15:09:01.670
61,50,-3.4822216455107498,15:09:01.720
54,81,-2.5062384271973706,15:09:01.771
103,59,-1.9224735397003088,15:09:01.824
88,68,-1.5274985276365085,15:09:01.878
103,109,-1.237502851910901,15:09:01.930
102,83,-1.0115674686713758,15:09:01.983
58,75,-0.8272688995062628,15:09:02.036
100,111,-0.671220413500932,15:09:02.090
113,54,-0.5348643997933775,15:09:02.145
114,105,-0.4123981953806191,15:09:02.198
61,105,-0.2996640719604243,15:09:02.251
95,90,-0.19351115861953225,15:09:02.303
57,52,-0.09140183951022304,15:09:02.357
109,73,0.008851656041727097,15:09:02.412
63,85,0.10928338576270476,15:09:02.464
112,58,0.21194198318593327,15:09:02.517
64,92,0.31906154020534244,15:09:02.569
104,111,0.4332663394585884,15:09:02.624
66,107,0.5578517393522593,15:09:02.678
103,82,0.6972105930488727,15:09:02.734
105,94,0.8575335036258025,15:09:02.787
71,61,1.0480420752253023,15:09:02.837
82,59,1.283324702430357,15:09:02.888
62,110,1.588153083391474,15:09:02.944
89,64,2.008542634852357,15:09:02.995
68,107,2.6411361414286962,15:09:03.048
62,89,3.729879722176929,15:09:03.103
96,76,6.12086342231864,15:09:03.158
79,95,16.122724949345773,15:09:03.208
55,84,-26.26500189836222,15:09:03.260
69,56,-7.197407823601544,15:09:03.315
89,64,-4.121055070777776,15:09:03.368
117,105,-2.844544672185357,15:09:03.423
114,105,-2.1348966977213055,15:09:03.475
50,85,-1.675634207565748,15:09:03.529
81,88,-1.3485719443861977,15:09:03.584
60,84,-1.09946965613962,15:09:03.636
86,110,-0.8998662986354842,15:09:03.687
64,51,-0.7333216366242002,15:09:03.742
92,112,-0.5896052347089993,15:09:03.795
89,117,-0.46194300840128505,15:09:03.848
104,104,-0.34559059241375945,15:09:03.903
119,65,-0.23703673809764422,15:09:03.955
103,89,-0.13352640702144908,15:09:04.005
75,85,-0.03275293313914781,15:09:04.059
84,51,0.06736037558826945,15:09:04.111
100,54,0.16883614043772316,15:09:04.162
82,99,0.273809172429092,15:09:04.215
97,63,0.38471288997801595,15:09:04.270
97,104,0.5045221375945175,15:09:04.321
112,72,0.637107888385713,15:09:04.372
64,94,0.7878020258906243,15:09:04.426
61,91,0.9643637274470209,15:09:04.482
53,69,1.1787535542065175,15:09:04.536
75,109,1.450657242720586,15:09:04.589
97,105,1.8151958886866295,15:09:04.642
111,62,2.34208826813169,15:09:04.696
89,111,3.192679085979989,15:09:04.749
92,96,4.845064238359582,15:09:04.803
82,51,9.623793964390634,15:09:04.855
104,90,282.6798971354803,15:09:04.906
105,76,-10.334554673537832,15:09:04.960
54,69,-5.024374728681692,15:09:05.014
62,108,-3.2737038004267873,15:09:05.068
113,59,-2.3887469718769307,15:09:05.121
80,55,-1.8459788894112292,15:09:05.173
110,105,-1.4728494038189608,15:09:05.226
119,78,-1.1958017114789419,15:09:05.280
100,109,-0.9781127117879264,15:09:05.331
117,80,-0.7993326390263826,15:09:05.385
80,103,-0.6471000401334998,15:09:05.438
114,51,-0.5134301117840765,15:09:05.489
60,78,-0.3928574502575425,15:09:05.540
57,61,-0.28142960456412724,15:09:05.595
115,52,-0.176121756533842,15:09:05.649
55,98,-0.07447109685693577,15:09:05.705
90,88,0.02567175502566615,15:09:05.755
77,115,0.126331828481428,15:09:05.806
104,97,0.22957648876047634,15:09:05.861
89,76,0.33768966731413863,15:09:05.915
75,109,0.45338595415388355,15:09:05.966
61,84,0.5801100232348552,15:09:06.021
70,92,0.722497786609386,15:09:06.072
110,79,0.8871428437984691,15:09:06.125
94,114,1.0839622847846773,15:09:06.180
100,64,1.3288178589152593,15:09:06.235
116,85,1.6490091572204288,15:09:06.286
57,53,2.096159228320882,15:09:06.337
101,109,2.7814897228047277,15:09:06.388
113,90,3.9974252791422744,15:09:06.438
59,60,6.841919416882276,15:09:06.489
112,93,22.143061504438176,15:09:06.544
110,51,-18.20667105759363,15:09:06.597
96,62,-6.405331196639706,15:09:06.647
56,71,-3.8382452984928803,15:09:06.699
75,100,-2.6986398913874523,15:09:06.751
74,54,-2.0446745276719813,15:09:06.803
53,52,-1.61335687261054,15:09:06.854
53,100,-1.3022238851138328,15:09:06.908
114,82,-1.0629995927367573,15:09:06.963
53,75,-0.8698865483747177,15:09:07.014
59,105,-0.7077772339048286,15:09:07.067
67,113,-0.567165530428918,15:09:07.121
71,88,-0.4416955680204942,15:09:07.172
92,67,-0.3268746671073579,15:09:07.223
53,59,-0.21934613014350976,15:09:07.276
100,116,-0.11644865352462423,15:09:07.328
83,93,-0.015927882647142563,15:09:07.383
119,74,0.0842721125839279,15:09:07.437
88,83,0.18618102243864607,15:09:07.487
98,95,0.2919698108338365,15:09:07.539
81,109,0.4041437509314762,15:09:07.590
97,72,0.5257993942909025,15:09:07.640
57,64,0.6610060414840285,15:09:07.694
104,98,0.8154209164154019,15:09:07.745
96,86,0.9973541048773207,15:09:07.800
89,98,1.2197479777155813,15:09:07.854
70,77,1.504167159379583,15:09:07.906
75,72,1.8896947940925877,15:09:07.961
102,95,2.4556196326373985,15:09:08.017
113,91,3.391586158666178,15:09:08.072
84,112,5.293144467127814,15:09:08.122
82,81,11.502062541860466,15:09:08.177
77,113,-75.31301479895643,15:09:08.231
117,113,-8.790115319194097,15:09:08.283
107,108,-4.617426198077577,15:09:08.335
59,106,-3.0869464524544443,15:09:08.388
83,63,-2.280330211714823,15:09:08.439
106,103,-1.774090421133876,15:09:08.490
73,82,-1.420841933937212,15:09:08.540
57,88,-1.1557446414757624,15:09:08.591
65,94,-0.9457406879451529,15:09:08.645
60,93,-0.7721374445176573,15:09:08.700
73,99,-0.6234989627159295,15:09:08.755
100,59,-0.49236278203427586,15:09:08.806
88,97,-0.3735731985923853,15:09:08.859
72,60,-0.26336691702454135,15:09:08.911
92,108,-0.15883505509276735,15:09:08.964
56,60,-0.05758270680464458,15:09:09.014
62,110,0.04250638286830361,15:09:09.070
88,52,0.1434528618982444,15:09:09.124
97,76,0.24734768235570184,15:09:09.177
90,99,0.35653056916898196,15:09:09.248
98,95,0.47381472041472944,15:09:09.303
106,71,0.6028068573867841,15:09:09.355
103,78,0.7484070023830542,15:09:09.405
87,65,0.917649013625126,15:09:09.456
102,110,1.1212163300861338,15:09:09.509
81,85,1.376390645571656,15:09:09.562
78,92,1.7133365943322485,15:09:09.617
78,101,2.1901784094023835,15:09:09.671
85,98,2.935617462911139,15:09:09.722
62,115,4.303532838970635,15:09:09.772
73,90,7.7504709057139,15:09:09.825
102,53,35.30688685276632,15:09:09.880
108,109,-13.926117239622073,15:09:09.933
52,113,-5.767297253795782,15:09:09.989
72,118,-3.5897299081887413,15:09:10.040
75,111,-2.565402866589434,15:09:10.090
103,65,-1.9604504839052064,15:09:10.143
116,86,-1.5543695281030632,15:09:10.197
53,87,-1.2578622376582451,15:09:10.251
76,110,-1.027810486883519,15:09:10.306
111,107,-0.8407712554023231,15:09:10.356
81,62,-0.6828337470596986,15:09:10.407
89,85,-0.5451498246483438,15:09:10.460
61,83,-0.42174669282122035,15:09:10.512
75,98,-0.30836337294578775,15:09:10.567
99,94,-0.20178554921129116,15:09:10.622
94,93,-0.09943765374580626,15:09:10.673
94,66,0.0008881571562797415,15:09:10.724
72,63,0.10123185031125914,15:09:10.775
102,60,0.20363485475201248,15:09:10.830
66,51,0.31030966099509705,15:09:10.882
86,95,0.42384053090560314,15:09:10.936
61,103,0.5474562741342335,15:09:10.989
92,63,0.6854414541212893,15:09:11.040
69,115,0.8438077770985412,15:09:11.091
82,59,1.0314699737479245,15:09:11.144
58,65,1.262459342607584,15:09:11.197
90,115,1.5604543378545173,15:09:11.251
81,80,1.9690838960289276,15:09:11.305
111,51,2.5789312829907662,15:09:11.357
108,68,3.614554407105532,15:09:11.407
58,55,5.828786813472302,15:09:11.461
95,101,14.281169426684237,15:09:11.515
68,76,-33.221580014090115,15:09:11.568
90,73,-7.643464844408136,15:09:11.620
85,111,-4.2691215098778414,15:09:11.672
74,92,-2.918621750581418,15:09:11.722
61,57,-2.1799212228196425,15:09:11.774
85,114,-1.7063670754745934,15:09:11.824
58,89,-1.3712617261233944,15:09:11.880
89,58,-1.1172149309232249,15:09:11.931
93,97,-0.9143822234665507,15:09:11.983
63,62,-0.7456394283053829,15:09:12.037
97,84,-0.600387661398895,15:09:12.090
109,59,-0.4716414502526963,15:09:12.142
50,59,-0.3545297259322745,15:09:12.197
52,81,-0.24546351793133614,15:09:12.251
98,75,-0.14164045370786563,15:09:12.324
84,59,-0.04072699207295328,15:09:12.375
85,103,0.059365094681086215,15:09:12.425
89,74,0.16065669868096358,15:09:12.476
116,113,0.2652673308419576,15:09:12.530
75,111,0.37559875560933875,15:09:12.581
109,55,0.4945716460277512,15:09:12.634
86,50,0.6259685580158358,15:09:12.688
117,51,0.7749766871602655,15:09:12.739
111,89,0.9491114482935297,15:09:12.790
75,66,1.1599021985529263,15:09:12.841
96,111,1.4262178292782441,15:09:12.892
93,78,1.7814807969020778,15:09:12.947
96,66,2.291387992439529,15:09:12.998
67,104,3.1057528267918615,15:09:13.051
57,90,4.657402560859554,15:09:13.105
80,58,8.931345847301891,15:09:13.159
108,106,86.94646198849843,15:09:13.210
107,107,-11.270025026553588,15:09:13.264
112,119,-5.242080559947345,15:09:13.318
103,116,-3.3695101355084134,15:09:13.372
69,91,-2.4431862466500336,15:09:13.423
76,108,-1.8816025134635348,15:09:13.479
57,113,-1.498387338854064,15:09:13.531
80,77,-1.215338439856506,15:09:13.581
116,52,-0.9938171270700654,15:09:13.636
118,86,-0.8124677858100612,15:09:13.690
90,58,-0.6584565953910254,15:09:13.744
67,61,-0.5235341051956268,15:09:13.798
52,76,-0.4020787881248059,15:09:13.853
101,53,-0.29004306991945267,15:09:13.907
94,87,-0.18434374124932174,15:09:13.957
111,53,-0.08248344960274294,15:09:14.009
72,99,0.01770469927904116,15:09:14.065
73,115,0.11824942908230784,15:09:14.116
110,110,0.22120863493035162,15:09:14.166
114,80,0.32884191916213174,15:09:14.217
59,51,0.44382010089258045,15:09:14.267
59,63,0.5695156132150045,15:09:14.318
77,99,0.7104467487210049,15:09:14.368
64,104,0.8730118359930132,15:09:14.422
100,116,1.0667902462018717,15:09:14.472
87,82,1.3070235564175685,15:09:14.526
78,86,1.6197751905452002,15:09:14.580
61,111,2.05391062107327,15:09:14.631
95,116,2.7134233722688172,15:09:14.684
100,90,3.8663823595084157,15:09:14.738
101,117,6.480845866689588,15:09:14.791
82,52,18.817004267680677,15:09:14.842
108,91,-21.303358729053404,15:09:14.894
75,70,-6.758010238895041,15:09:14.948
75,62,-3.9674771407964387,15:09:15.002
94,119,-2.7660469117156867,15:09:15.053
70,92,-2.0866135311193275,15:09:15.107
84,99,-1.6424219234631245,15:09:15.161
56,54,-1.3239165704709523,15:09:15.216
109,92,-1.0801062684765474,15:09:15.271
100,62,-0.8839735221456974,15:09:15.324
105,96,-0.7197976939285504,15:09:15.397
70,81,-0.5777383720759391,15:09:15.449
68,50,-0.4512462243175101,15:09:15.502
102,87,-0.33571197696573996,15:09:15.557
95,60,-0.22770731393020735,15:09:15.608
103,113,-0.12452756813233312,15:09:15.662
101,119,-0.023894349702277506,15:09:15.715
51,84,0.07625750023154822,15:09:15.766
84,68,0.17795374469289982,15:09:15.818
89,82,0.28334756794540245,15:09:15.873
79,55,0.3949093490621065,15:09:15.928
117,111,0.5156767318841424,15:09:15.982
60,94,0.6496230676611657,15:09:16.036
70,61,0.8022480403605274,15:09:16.091
73,53,0.9815944860609109,15:09:16.141
69,51,1.200127243117292,15:09:16.192
91,68,1.4784938224014996,15:09:16.245
112,80,1.8538340034012932,15:09:16.299
50,54,2.400709904914672,15:09:16.353
93,95,3.294638874450002,15:09:16.407
85,55,0.10033467208545055,15:11:01.248
69,52,0.20271003550867248,15:11:01.298
59,96,0.30933624960962325,15:11:01.349
112,85,0.4227932187381618,15:11:01.400
71,116,0.5463024898437905,15:11:01.454
57,56,0.6841368083416923,15:11:01.509
96,51,0.8422883804630793,15:11:01.560
90,67,1.029638557050364,15:11:01.611
67,69,1.2601582175503387,15:11:01.661
82,113,1.5574077246549016,15:11:01.716
87,90,1.9647596572486514,15:11:01.767
117,58,2.5721516221263183,15:11:01.823
102,71,3.602102447967979,15:11:01.876
55,100,5.797883715482894,15:11:01.926
109,105,14.101419947171765,15:11:01.977
78,80,-34.23253273555705,15:11:02.027
97,59,-7.696602139459134,15:11:02.078
95,110,-4.286261674628054,15:11:02.130
67,88,-2.9270975146777674,15:11:02.181
60,64,-2.1850398632615162,15:11:02.234
75,70,-1.7098465429045056,15:11:02.288
57,105,-1.3738230567687937,15:11:02.341
105,78,-1.1192136417341307,15:11:02.392
118,73,-0.9160142896734091,15:11:02.443
110,106,-0.7470222972386589,15:11:02.493
55,60,-0.6015966130897573,15:11:02.546
78,103,-0.4727276291030362,15:11:02.600
108,103,-0.3555298316511746,15:11:02.651
65,65,-0.24640539397196495,15:11:02.704
89,68,-0.14254654307427642,15:11:02.759
55,101,-0.041616654585634565,15:11:02.810
103,52,0.05847385445957998,15:11:02.860
51,87,0.15974574766003402,15:11:02.917
110,73,0.2643169008674271,15:11:02.973
80,92,0.3745856401585967,15:11:03.028
91,65,0.49346672998490604,15:11:03.082
66,83,0.6247330752245663,15:11:03.137
93,97,0.7735560905031293,15:11:03.191
83,57,0.9474246499358968,15:11:03.242
56,59,1.1578212823495817,15:11:03.296
88,69,1.4235264831943704,15:11:03.350
59,67,1.7777797745088453,15:11:03.404
88,104,2.2858478773669857,15:11:03.457
53,59,3.0963237806497457,15:11:03.508
82,112,4.637332054551184,15:11:03.559
80,101,8.860174895648045,15:11:03.610
78,63,80.71276296746898,15:11:03.663
98,111,-11.384870654243038,15:11:03.717
70,61,-5.2674930658267884,15:11:03.771
112,57,-3.3805150062466076,15:11:03.822
60,108,-2.4493894155846108,15:11:03.875
93,76,-1.885641877519776,15:11:03.928
83,106,-1.5012733958069386,15:11:03.980
117,56,-1.217540824620564,15:11:04.034
85,67,-0.9955840522138921,15:11:04.088
101,76,-0.8139432836897086,15:11:04.143
75,92,-0.6597305715207826,15:11:04.194
93,103,-0.5246662219468059,15:11:04.247
113,112,-0.4031108998732324,15:11:04.302
62,100,-0.2910061913847549,15:11:04.353
59,112,-0.18526223068914074,15:11:04.403
82,80,-0.08337771486593488,15:11:04.456
78,111,0.01681627769417584,15:11:04.509
98,114,0.1173489474610743,15:11:04.560
51,100,0.22027720034588935,15:11:04.612
57,101,0.3278580067131256,15:11:04.667
61,72,0.4427574167327067,15:11:04.721
52,112,0.5683399786900458,15:11:04.776
77,65,0.7091111506796803,15:11:04.828
68,97,0.8714479827243031,15:11:04.884
111,53,1.0648931268833632,15:11:04.935
63,112,1.3046209400556117,15:11:04.988
83,67,1.6165614239934638,15:11:05.042
101,50,2.04928416912803,15:11:05.095
99,94,2.7060138667726017,15:11:05.150
106,94,3.8522656946844696,15:11:05.205
106,93,6.44287247349206,15:11:05.258
88,119,18.506821649456764,15:11:05.311
101,91,-21.715112681260386,15:11:05.361
94,68,-6.799711455220966,15:11:05.414
104,62,-3.9823982467562016,15:11:05.468
118,72,-2.773749295383529,15:11:05.520
88,75,-2.0913775142886246,15:11:05.575
90,109,-1.6457107262279547,15:11:05.629
111,54,-1.3263643277856463,15:11:05.683
77,69,-1.0820324237864605,15:11:05.733
69,64,-0.8855569366148323,15:11:05.787
74,108,-0.7211468755756271,15:11:05.841
68,106,-0.5789235879335682,15:11:05.896
95,71,-0.4523156594418291,15:11:05.949
58,81,-0.3367005264328918,15:11:06.001
89,97,-0.22864171155904336,15:11:06.055
72,71,-0.1254295978086527,15:11:06.109
104,63,-0.02478303280268606,15:11:06.163
98,119,0.0753642387573762,15:11:06.217
69,109,0.17703760658485146,15:11:06.268
87,62,0.2823883457369724,15:11:06.318
76,69,0.3938830407517199,15:11:06.369
99,55,0.514552908476892,15:11:06.421
95,100,0.648360827459059,15:11:06.476
56,83,0.800789302937479,15:11:06.527
99,115,0.9798520838950587,15:11:06.581
82,79,1.1979621761609893,15:11:06.635
58,108,1.4756679142515898,15:11:06.688
119,70,1.8498999934218328,15:11:06.741
79,76,2.394715716509798,15:11:06.792
88,68,3.284140805377299,15:11:06.845
72,109,5.047788309885453,15:11:06.900
108,56,10.431187663531848,15:11:06.951
66,80,-225.95084645537412,15:11:07.002
63,66,-9.541351662277421,15:11:07.053
119,65,-4.823420043894485,15:11:07.105
107,59,-3.1827658754334625,15:11:07.157
113,51,-2.336340190554633,15:11:07.210
55,112,-1.8113874503269314,15:11:07.261
72,70,-1.4479035897676056,15:11:07.315
117,108,-1.1766335577235758,15:11:07.369
79,100,-0.9626510533625988,15:11:07.422
67,65,-0.786363656369683,15:11:07.475
61,89,-0.6358599286616181,15:11:07.527
100,67,-0.5034084056756236,15:11:07.579
97,72,-0.3836936302696258,15:11:07.630
97,107,-0.2728546609551555,15:11:07.680
95,88,-0.167922802749185,15:11:07.731
99,116,-0.06646824186330275,15:11:07.781
94,55,0.03364206893466011,15:11:07.835
117,78,0.13443050661849226,15:11:07.886
57,68,0.23797499514783998,15:11:07.939
90,111,0.34658512997906654,15:11:07.992
104,110,0.46302113293645286,15:11:08.045
89,81,0.5908027728907977,15:11:08.097
88,115,0.7346882998399904,15:11:08.148
91,92,0.9014749350164459,15:11:08.199
81,107,1.1014333650065138,15:11:08.253
104,103,1.35107834728692,15:11:08.305
72,70,1.67902112848005,15:11:08.357
78,93,2.139842260672227,15:11:08.411
105,105,2.8526397461161146,15:11:08.462
61,95,4.137085559102404,15:11:08.514
77,96,7.244606616093,15:11:08.567
65,94,26.893240768466264,15:11:08.619
61,65,-15.894239021336649,15:11:08.671
56,66,-6.086885200236608,15:11:08.725
77,100,-3.7166792496916656,15:11:08.777
56,84,-2.6340691325041146,15:11:08.831
106,104,-2.004079397424382,15:11:08.885
93,56,-1.5850291957554246,15:11:08.936
118,89,-1.280976495927097,15:11:08.991
90,105,-1.0461801063534786,15:11:09.059
70,86,-0.8559934009085834,15:11:09.112
88,116,-0.6958915171950101,15:11:09.167
89,68,-0.5566877656678912,15:11:09.220
101,71,-0.43221186346054563,15:11:09.271
99,106,-0.3180832456401719,15:11:09.325
105,105,-0.21101410520129613,15:11:09.380
93,74,-0.10838470869786536,15:11:09.435
66,50,-0.007963436279868605,15:11:09.486
89,106,0.09229748930238175,15:11:09.537
114,83,0.19443273260270857,15:11:09.592
75,67,0.3006322420238588,15:11:09.643
108,67,0.4134377842164334,15:11:09.696
71,105,0.5360071837552604,15:11:09.747
70,61,0.6725094866584916,15:11:09.801
66,118,0.8287659881567199,15:11:09.855
91,84,1.013366065199273,15:11:09.909
111,102,1.2397536185665619,15:11:09.964
116,99,1.530463000811235,15:11:10.017
85,51,1.926651374375434,15:11:10.067
61,88,2.512719731615743,15:11:10.122
56,98,3.493915645474465,15:11:10.174
78,67,5.534391461952542,15:11:10.226
58,74,12.670601676093694,15:11:10.276
108,70,-47.07300065522242,15:11:10.331
59,56,-8.207622239274064,15:11:10.386
94,116,-4.44598144836595,15:11:10.438
82,88,-3.005109311380914,15:11:10.492
90,116,-2.231838234968004,15:11:10.545
61,96,-1.7415229986684118,15:11:10.596
87,77,-1.3970709414371458,15:11:10.649
68,78,-1.1373137123377195,15:11:10.703
86,57,-0.9307673211982382,15:11:10.759
119,50,-0.7595039193946128,15:11:10.811
64,116,-0.6124943728917664,15:11:10.862
98,112,-0.4825074823402958,15:11:10.915
74,96,-0.3645253263096477,15:11:10.970
117,59,-0.2548689426684395,15:11:11.020
67,94,-0.15068102647523982,15:11:11.075
88,108,-0.04959652772893464,15:11:11.128
97,112,0.050486908808590095,15:11:11.181
85,77,0.15158947061240008,15:11:11.232
90,63,0.25581500704963567,15:11:11.283
89,82,0.3655318265062059,15:11:11.335
87,91,0.4836028838722401,15:11:11.390
96,53,0.6137163863982793,15:11:11.443
92,77,0.7609053519829878,15:11:11.498
81,114,0.9324262850065083,15:11:11.553
114,82,1.1393527448686593,15:11:11.605
80,107,1.3996958671952555,15:11:11.659
99,108,1.7451103985512235,15:11:11.713
74,87,2.237160944224828,15:11:11.768
108,60,3.014041974717072,15:11:11.819
77,112,4.4644987065658945,15:11:11.870
77,74,8.268787029469232,15:11:11.925
115,115,49.12783631856673,15:11:11.976
89,68,-12.528721729994588,15:11:12.026
71,58,-5.506436913137305,15:11:12.077
62,81,-3.4822216455107498,15:11:12.133
105,82,-2.5062384271973706,15:11:12.186
116,51,-1.9224735397003088,15:11:12.237
63,90,-1.5274985276365085,15:11:12.288
65,69,-1.237502851910901,15:11:12.342
71,70,-1.0115674686713758,15:11:12.394
81,112,-0.8272688995062628,15:11:12.445
52,92,-0.671220413500932,15:11:12.499
94,55,-0.5348643997933775,15:11:12.550
83,86,-0.4123981953806191,15:11:12.605
68,115,-0.2996640719604243,15:11:12.659
89,51,-0.19351115861953225,15:11:12.713
103,66,-0.09140183951022304,15:11:12.768
112,105,0.008851656041727097,15:11:12.822
56,115,0.10928338576270476,15:11:12.874
64,97,0.21194198318593327,15:11:12.926
69,119,0.31906154020534244,15:11:12.976
107,86,0.4332663394585884,15:11:13.031
54,103,0.5578517393522593,15:11:13.084
63,80,0.6972105930488727,15:11:13.139
75,64,0.8575335036258025,15:11:13.191
94,99,1.0480420752253023,15:11:13.245
76,75,1.283324702430357,15:11:13.297
76,65,1.588153083391474,15:11:13.349
72,78,2.008542634852357,15:11:13.402
83,64,2.6411361414286962,15:11:13.453
95,76,3.729879722176929,15:11:13.504
53,57,6.12086342231864,15:11:13.559
83,70,16.122724949345773,15:11:13.611
116,109,-26.26500189836222,15:11:13.663
60,103,-7.197407823601544,15:11:13.717
98,69,-4.121055070777776,15:11:13.768
55,70,-2.844544672185357,15:11:13.821
112,53,-2.1348966977213055,15:11:13.875
117,72,-1.675634207565748,15:11:13.926
71,96,-1.3485719443861977,15:11:13.977
97,104,-1.09946965613962,15:11:14.028
53,104,-0.8998662986354842,15:11:14.081
50,102,-0.7333216366242002,15:11:14.134
95,50,-0.5896052347089993,15:11:14.188
96,55,-0.46194300840128505,15:11:14.241
72,90,-0.34559059241375945,15:11:14.294
98,87,-0.23703673809764422,15:11:14.349
81,71,-0.13352640702144908,15:11:14.405
86,111,-0.03275293313914781,15:11:14.459
62,59,0.06736037558826945,15:11:14.509
110,83,0.16883614043772316,15:11:14.560
78,113,0.273809172429092,15:11:14.611
96,93,0.38471288997801595,15:11:14.664
77,105,0.5045221375945175,15:11:14.718
71,86,0.637107888385713,15:11:14.771
64,92,0.7878020258906243,15:11:14.826
81,92,0.9643637274470209,15:11:14.876
77,78,1.1787535542065175,15:11:14.927
105,78,1.450657242720586,15:11:14.978
50,59,1.8151958886866295,15:11:15.033
101,64,2.34208826813169,15:11:15.085
71,99,3.192679085979989,15:11:15.138
102,83,4.845064238359582,15:11:15.204
101,62,9.623793964390634,15:11:15.254
68,94,282.6798971354803,15:11:15.307
107,106,-10.334554673537832,15:11:15.358
58,84,-5.024374728681692,15:11:15.411
105,111,-3.2737038004267873,15:11:15.463
72,66,-2.3887469718769307,15:11:15.517
67,110,-1.8459788894112292,15:11:15.571
95,108,-1.4728494038189608,15:11:15.625
100,106,-1.1958017114789419,15:11:15.677
99,97,-0.9781127117879264,15:11:15.730
60,97,-0.7993326390263826,15:11:15.784
74,81,-0.6471000401334998,15:11:15.835
74,63,-0.5134301117840765,15:11:15.888
84,105,-0.3928574502575425,15:11:15.942
55,79,-0.28142960456412724,15:11:15.993
62,79,-0.176121756533842,15:11:16.047
109,115,-0.07447109685693577,15:11:16.101
68,58,0.02567175502566615,15:11:16.153
117,91,0.126331828481428,15:11:16.203
112,113,0.22957648876047634,15:11:16.254
70,65,0.33768966731413863,15:11:16.309
82,114,0.45338595415388355,15:11:16.359
99,82,0.5801100232348552,15:11:16.411
97,115,0.722497786609386,15:11:16.467
63,100,0.8871428437984691,15:11:16.521
87,111,1.0839622847846773,15:11:16.572
101,52,1.3288178589152593,15:11:16.624
94,108,1.6490091572204288,15:11:16.675
114,69,2.096159228320882,15:11:16.726
59,115,2.7814897228047277,15:11:16.777
80,61,3.9974252791422744,15:11:16.829
98,109,6.841919416882276,15:11:16.884
86,115,22.143061504438176,15:11:16.938
85,51,-18.20667105759363,15:11:16.992
67,109,-6.405331196639706,15:11:17.047
98,77,-3.8382452984928803,15:11:17.172
113,97,-2.6986398913874523,15:11:17.222
76,75,-2.0446745276719813,15:11:17.276
53,52,-1.61335687261054,15:11:17.329
90,57,-1.3022238851138328,15:11:17.384
72,55,-1.0629995927367573,15:11:17.436
99,55,-0.8698865483747177,15:11:17.488
56,117,-0.7077772339048286,15:11:17.538
104,79,-0.567165530428918,15:11:17.592
93,56,-0.4416955680204942,15:11:17.646
102,102,-0.3268746671073579,15:11:17.698
75,71,-0.21934613014350976,15:11:17.750
105,110,-0.11644865352462423,15:11:17.801
112,92,-0.015927882647142563,15:11:17.851
110,81,0.0842721125839279,15:11:17.904
102,78,0.18618102243864607,15:11:17.959
78,94,0.2919698108338365,15:11:18.010
60,79,0.4041437509314762,15:11:18.064
104,116,0.5257993942909025,15:11:18.115
113,61,0.6610060414840285,15:11:18.168
66,75,0.8154209164154019,15:11:18.220
74,92,0.9973541048773207,15:11:18.275
112,80,1.2197479777155813,15:11:18.326
102,108,1.504167159379583,15:11:18.382
78,56,1.8896947940925877,15:11:18.434
64,55,2.4556196326373985,15:11:18.488
68,54,3.391586158666178,15:11:18.542
91,119,5.293144467127814,15:11:18.598
68,97,11.502062541860466,15:11:18.648
61,64,-75.31301479895643,15:11:18.700
90,78,-8.790115319194097,15:11:18.755
66,78,-4.617426198077577,15:11:18.809
86,60,-3.0869464524544443,15:11:18.865
69,82,-2.280330211714823,15:11:18.917
94,59,-1.774090421133876,15:11:18.967
94,57,-1.420841933937212,15:11:19.019
113,118,-1.1557446414757624,15:11:19.071
79,67,-0.9457406879451529,15:11:19.127
111,107,-0.7721374445176573,15:11:19.181
67,85,-0.6234989627159295,15:11:19.233
87,53,-0.49236278203427586,15:11:19.287
119,67,-0.3735731985923853,15:11:19.342
103,59,-0.26336691702454135,15:11:19.393
111,72,-0.15883505509276735,15:11:19.444
58,107,-0.05758270680464458,15:11:19.495
104,89,0.04250638286830361,15:11:19.550
58,97,0.1434528618982444,15:11:19.601
80,103,0.24734768235570184,15:11:19.656
98,88,0.35653056916898196,15:11:19.707
89,50,0.47381472041472944,15:11:19.759
85,110,0.6028068573867841,15:11:19.809
57,51,0.7484070023830542,15:11:19.863
108,72,0.917649013625126,15:11:19.918
56,113,1.1212163300861338,15:11:19.973
60,100,1.376390645571656,15:11:20.024
75,90,1.7133365943322485,15:11:20.077
67,92,2.1901784094023835,15:11:20.131
93,56,2.935617462911139,15:11:20.182
65,105,4.303532838970635,15:11:20.237
97,103,7.7504709057139,15:11:20.292
75,88,35.30688685276632,15:11:20.344
80,111,-13.926117239622073,15:11:20.395
107,97,-5.767297253795782,15:11:20.450
86,105,-3.5897299081887413,15:11:20.500
105,107,-2.565402866589434,15:11:20.551
75,64,-1.9604504839052064,15:11:20.606
60,96,-1.5543695281030632,15:11:20.659
114,53,-1.2578622376582451,15:11:20.711
59,58,-1.027810486883519,15:11:20.762
118,80,-0.8407712554023231,15:11:20.817
118,63,-0.6828337470596986,15:11:20.872
75,63,-0.5451498246483438,15:11:20.922
53,75,-0.42174669282122035,15:11:20.977
112,76,-0.30836337294578775,15:11:21.028
50,94,-0.20178554921129116,15:11:21.082
66,99,-0.09943765374580626,15:11:21.134
87,70,0.0008881571562797415,15:11:21.187
61,115,0.10123185031125914,15:11:21.242
55,56,0.20363485475201248,15:11:21.293
91,95,0.31030966099509705,15:11:21.348
79,97,0.42384053090560314,15:11:21.402
77,98,0.5474562741342335,15:11:21.456
108,95,0.6854414541212893,15:11:21.509
54,97,0.8438077770985412,15:11:21.559
51,94,1.0314699737479245,15:11:21.615
95,75,1.262459342607584,15:11:21.667
63,97,1.5604543378545173,15:11:21.721
112,97,1.9690838960289276,15:11:21.772
53,96,2.5789312829907662,15:11:21.826
67,80,3.614554407105532,15:11:21.877
55,55,5.828786813472302,15:11:21.933
81,57,14.281169426684237,15:11:21.988
96,101,-33.221580014090115,15:11:22.039
115,98,-7.643464844408136,15:11:22.094
58,117,-4.2691215098778414,15:11:22.144
102,115,-2.918621750581418,15:11:22.199
87,102,-2.1799212228196425,15:11:22.253
110,108,-1.7063670754745934,15:11:22.306
71,82,-1.3712617261233944,15:11:22.360
58,80,-1.1172149309232249,15:11:22.410
78,111,-0.9143822234665507,15:11:22.461
67,91,-0.7456394283053829,15:11:22.516
113,103,-0.600387661398895,15:11:22.568
93,61,-0.4716414502526963,15:11:22.624
84,85,-0.3545297259322745,15:11:22.675
89,86,-0.24546351793133614,15:11:22.725
90,103,-0.14164045370786563,15:11:22.777
61,82,-0.04072699207295328,15:11:22.830
94,102,0.059365094681086215,15:11:22.882
104,108,0.16065669868096358,15:11:22.936
69,76,0.2652673308419576,15:11:22.987
56,86,0.37559875560933875,15:11:23.039
115,69,0.4945716460277512,15:11:23.092
119,86,0.6259685580158358,15:11:23.143
74,79,0.7749766871602655,15:11:23.196
58,52,0.9491114482935297,15:11:23.247
92,61,1.1599021985529263,15:11:23.300
71,98,1.4262178292782441,15:11:23.353
114,94,1.7814807969020778,15:11:23.406
85,78,2.291387992439529,15:11:23.457
78,93,3.1057528267918615,15:11:23.509
93,52,4.657402560859554,15:11:23.560
57,54,8.931345847301891,15:11:23.610
56,114,86.94646198849843,15:11:23.662
61,80,-11.270025026553588,15:11:23.714
115,102,-5.242080559947345,15:11:23.767
55,54,-3.3695101355084134,15:11:23.823
54,50,-2.4431862466500336,15:11:23.875
99,93,-1.8816025134635348,15:11:23.926
95,96,-1.498387338854064,15:11:23.977
62,67,-1.215338439856506,15:11:24.032
102,64,-0.9938171270700654,15:11:24.084
59,61,-0.8124677858100612,15:11:24.136
73,64,-0.6584565953910254,15:11:24.190
118,96,-0.5235341051956268,15:11:24.245
90,69,-0.4020787881248059,15:11:24.298
90,101,-0.29004306991945267,15:11:24.351
73,97,-0.18434374124932174,15:11:24.420
94,71,-0.08248344960274294,15:11:24.472
119,91,0.01770469927904116,15:11:24.523
51,57,0.11824942908230784,15:11:24.574
113,89,0.22120863493035162,15:11:24.624
88,64,0.32884191916213174,15:11:24.675
117,99,0.44382010089258045,15:11:24.729
77,109,0.5695156132150045,15:11:24.784
100,82,0.7104467487210049,15:11:24.840
65,108,0.8730118359930132,15:11:24.892
112,87,1.0667902462018717,15:11:24.945
59,58,1.3070235564175685,15:11:25.001
115,87,1.6197751905452002,15:11:25.056
78,65,2.05391062107327,15:11:25.112
67,112,2.7134233722688172,15:11:25.167
105,99,3.8663823595084157,15:11:25.222
85,108,6.480845866689588,15:11:25.274
89,53,18.817004267680677,15:11:25.325
105,107,-21.303358729053404,15:11:25.379
118,119,-6.758010238895041,15:11:25.434
118,76,-3.9674771407964387,15:11:25.490
70,60,-2.7660469117156867,15:11:25.541
58,113,-2.0866135311193275,15:11:25.594
53,58,-1.6424219234631245,15:11:25.647
50,73,-1.3239165704709523,15:11:25.701
66,98,-1.0801062684765474,15:11:25.756
56,97,-0.8839735221456974,15:11:25.807
82,67,-0.7197976939285504,15:11:25.858
58,88,-0.5777383720759391,15:11:25.909
70,90,-0.4512462243175101,15:11:25.963
112,95,-0.33571197696573996,15:11:26.017
96,96,-0.22770731393020735,15:11:26.067
95,111,-0.12452756813233312,15:11:26.122
64,69,-0.023894349702277506,15:11:26.177
79,90,0.07625750023154822,15:11:26.230
78,55,0.17795374469289982,15:11:26.284
66,51,0.28334756794540245,15:11:26.334
83,63,0.3949093490621065,15:11:26.386
109,72,0.5156767318841424,15:11:26.439
79,64,0.6496230676611657,15:11:26.492
96,109,0.8022480403605274,15:11:26.543
98,83,0.9815944860609109,15:11:26.594
99,85,1.200127243117292,15:11:26.644
111,109,1.4784938224014996,15:11:26.695
80,72,1.8538340034012932,15:11:26.750
115,50,2.400709904914672,15:11:26.804
66,59,3.294638874450002,15:11:26.859
75,108,5.071412773439511,15:11:26.909
78,103,10.52962791624898,15:11:26.960
51,68,-188.18501549277158,15:11:27.011
87,50,-9.46029488724108,15:11:27.061
59,65,-4.80196050388063,15:11:27.114
106,55,-3.1729085521544724,15:11:27.167
51,73,-2.33061591852805,15:11:27.223
108,98,-1.8075912462894181,15:11:27.274
81,98,-1.4451570099254565,15:11:27.325
106,62,-1.1745179875572922,15:11:27.375
109,67,-0.9609413053983908,15:11:27.429
71,119,-0.7849272946021503,15:11:27.493
90,79,-0.6346133776957823,15:11:27.544
57,97,-0.5022956692231044,15:11:27.599
103,50,-0.3826750650112634,15:11:27.650
73,56,-0.2719006119971576,15:11:27.705
50,71,-0.1670097374533265,15:11:27.759
77,86,-0.06557621346458543,15:11:27.812
57,50,0.034531257865943125,15:11:27.867
68,93,0.13533482213243758,15:11:27.921
70,78,0.23891364890083885,15:11:27.972
78,64,0.3475802800145941,15:11:28.025
53,97,0.4641001445631816,15:11:28.075
92,84,0.5920015684911277,15:11:28.126
50,69,0.736056747767542,15:11:28.177
93,90,0.9030861493762568,15:11:28.230
50,61,1.1034009196168684,15:11:28.284
118,76,1.3535907726317498,15:11:28.340
118,86,1.6824181658696322,15:11:28.393
64,77,2.1448066576652702,15:11:28.444
88,85,2.8607759434767237,15:11:28.497
64,111,4.153234286169891,15:11:28.550
67,107,7.292416729085339,15:11:28.606
89,108,27.55222552123955,15:11:28.660
86,102,-15.672114177181765,15:11:28.710
53,89,-6.0532723827751855,15:11:28.761
54,113,-3.703565639860641,15:11:28.813
97,107,-2.627035112472544,15:11:28.864
74,97,-1.9996320203305302,15:11:28.917
62,98,-1.5819140910904044,15:11:28.968
119,107,-1.278633626499221,15:11:29.021
102,68,-1.0443215944484727,15:11:29.075
53,107,-0.8544556381582312,15:11:29.128
112,114,-0.6945740708720133,15:11:29.180
110,53,-0.55552494241228,15:11:29.235
69,109,-0.43115819671899114,15:11:29.291
118,80,-0.3171055036702293,15:11:29.345
105,113,-0.21008657494501765,15:11:29.401
80,100,-0.10748620463392392,15:11:29.456
67,115,-0.007075229081766539,15:11:29.511
64,88,0.09319328594831501,15:11:29.562
69,111,0.195354624928778,15:11:29.615
105,90,0.3016009292455798,15:11:29.667
88,54,0.41447813680264195,15:11:29.723
75,73,0.5371510563003705,15:11:29.775
75,96,0.6738001006487829,15:11:29.825
50,86,0.8302652823689355,15:11:29.876
74,111,1.0151679022204334,15:11:29.927
108,66,1.2420093473078664,15:11:29.979
80,79,1.5334355441248029,15:11:30.034
77,119,1.9308435315253671,15:11:30.090
101,53,2.5192300292666334,15:11:30.140
75,74,3.5056824477442348,15:11:30.195
99,96,5.562622184394361,15:11:30.246
85,103,12.815711254750754,15:11:30.301
60,55,-45.18308790947621,15:11:30.356
105,75,-8.147342736456052,15:11:30.410
119,75,-4.427609854281327,15:11:30.462
105,78,-2.9962242038362445,15:11:30.516
96,93,-2.226536585557125,15:11:30.567
115,117,-1.7379466792384317,15:11:30.620
67,89,-1.394452521717798,15:11:30.675
51,56,-1.1352787949565821,15:11:30.730
108,76,-0.9291110979468798,15:11:30.783
75,105,-0.7581043762283454,15:11:30.835
115,97,-0.6112736881909876,15:11:30.887
88,78,-0.48141301925768415,15:11:30.942
104,88,-0.36351947762205483,15:11:30.993
92,119,-0.25392330649895756,15:11:31.048
