 16,30,19,30,37,23,23,38,31,43,8,37,24,48,9,20,32,23,31,22,7,19,7,26,33,49,1,6,12,32,27,2,47,4,14,2,17,36,15,11,37,43,29,40,23,15:48:08.765
10,21,29,2,12,26,3,39,23,34,4,13,22,20,44,5,45,34,39,4,35,19,1,28,29,34,10,37,40,42,32,11,24,39,4,43,34,16,46,33,2,42,46,29,12,15:48:08.817
24,38,8,30,36,1,25,24,44,36,24,22,26,6,41,33,12,30,42,24,24,42,48,18,27,15,5,24,41,23,31,12,47,33,12,42,23,44,48,45,16,13,4,10,43,15:48:08.869
34,11,9,12,23,3,26,27,9,37,7,1,24,5,47,37,49,13,27,6,20,1,34,44,16,45,7,27,33,24,38,3,10,7,24,49,45,9,5,31,15,21,20,35,11,15:48:08.924
18,25,33,13,37,10,39,4,42,38,39,4,37,17,6,35,15,28,11,25,31,27,4,30,15,1,5,24,7,21,43,29,2,38,37,9,20,35,1,20,9,33,15,43,7,15:48:08.980
33,43,21,12,22,8,29,2,49,30,9,21,1,2,12,42,23,1,24,41,10,13,21,9,48,2,26,36,16,25,27,41,43,22,28,11,23,15,36,28,29,24,43,45,3,15:48:09.031
9,8,17,21,41,10,43,9,16,47,16,6,19,1,2,45,44,34,34,22,35,49,2,15,2,1,34,46,22,46,33,30,26,17,16,31,1,42,1,45,6,40,19,23,25,15:48:09.083
4,36,36,13,8,6,24,11,43,24,7,45,16,23,1,34,36,43,29,38,49,15,44,2,40,47,2,12,3,33,48,11,21,8,17,15,14,24,24,11,8,14,18,2,20,15:48:09.139
3,35,6,17,47,26,33,6,28,21,13,31,19,45,37,25,47,13,42,33,49,27,8,32,17,9,43,4,36,10,23,11,5,48,17,11,14,12,25,31,24,36,42,3,13,15:48:09.192
13,23,4,33,47,16,26,32,17,17,25,38,46,14,33,6,13,31,25,22,37,43,26,25,10,18,26,14,26,12,46,10,35,46,28,34,49,19,23,37,22,8,34,18,34,15:48:09.243
27,40,26,45,2,22,19,48,13,45,19,13,47,33,15,14,15,46,10,27,14,22,32,17,19,17,29,34,24,48,43,24,15,26,30,22,34,23,11,37,49,9,5,34,23,15:48:09.295
44,22,33,11,1,46,25,34,1,33,37,25,13,4,22,18,16,33,33,4,15,4,15,40,4,46,10,48,36,37,13,49,1,30,4,32,39,30,7,20,49,34,46,43,28,15:48:09.351
18,11,16,41,14,8,35,1,25,12,31,10,47,35,28,26,12,43,1,40,38,26,49,21,44,31,8,7,17,16,18,38,2,39,13,28,32,17,48,22,17,37,37,13,35,15:48:09.406
13,31,6,48,35,38,30,23,30,31,42,2,1,16,40,21,35,18,33,38,37,8,45,22,25,24,43,19,11,34,10,16,11,7,9,18,40,26,19,3,31,41,38,20,23,15:48:09.458
45,14,16,42,32,31,10,34,35,34,32,1,41,37,19,44,25,13,47,24,45,12,19,19,19,8,39,30,34,37,31,30,19,26,28,46,37,29,45,5,41,20,39,34,14,15:48:09.510
17,10,3,4,35,27,29,20,36,21,35,30,6,27,43,20,28,39,34,26,42,3,33,19,47,3,42,9,36,16,9,37,23,15,43,18,32,45,35,31,47,45,33,30,29,15:48:09.565
24,33,15,45,17,32,25,1,37,34,5,32,28,18,8,6,6,36,19,32,2,16,33,39,14,27,26,8,25,9,24,15,22,32,21,2,43,15,40,33,42,39,11,46,1,15:48:09.616
43,5,45,39,21,4,30,20,49,28,27,3,32,33,5,27,36,46,13,34,38,22,15,35,9,30,40,17,6,48,11,15,14,37,25,49,13,3,13,45,44,35,11,45,39,15:48:09.668
17,18,43,10,6,12,29,45,22,36,42,21,48,29,33,41,15,24,37,18,22,26,21,12,35,1,49,8,22,48,35,16,18,11,39,41,11,39,8,3,29,44,12,36,31,15:48:09.719
27,25,32,31,18,14,11,17,10,43,37,24,43,1,13,32,37,36,45,23,42,12,28,17,36,14,8,22,38,3,16,22,38,22,3,27,31,44,38,15,48,35,5,45,23,15:48:09.770
15,43,41,28,28,26,34,5,36,20,7,38,45,4,35,16,45,42,17,28,34,35,17,38,6,40,32,9,31,12,47,35,40,18,49,3,2,12,13,46,13,29,9,40,39,15:48:09.825
21,12,45,27,49,15,4,16,27,46,33,17,36,35,40,1,38,39,29,29,46,29,31,9,36,12,1,34,1,25,14,32,7,48,46,8,32,15,19,22,36,5,49,13,22,15:48:09.881
17,36,39,9,42,36,31,42,21,20,2,43,46,48,10,29,18,40,30,40,49,38,15,2,35,30,40,28,16,31,5,41,49,42,38,19,12,16,15,30,35,31,29,5,15,15:48:09.934
13,12,33,9,4,8,5,22,33,19,27,26,6,9,48,19,2,11,14,42,40,15,40,38,24,9,11,18,46,22,8,16,12,2,38,27,40,40,1,11,42,38,25,40,28,15:48:09.986
17,32,3,19,14,21,30,3,11,30,44,25,11,17,44,40,22,18,5,18,7,45,10,46,8,41,40,35,34,44,27,41,30,8,34,17,37,35,23,35,31,33,33,23,43,15:48:10.042
30,49,42,37,19,47,40,28,18,26,31,29,49,32,26,42,34,36,13,18,9,3,32,18,42,3,6,5,33,7,38,21,38,37,15,21,6,20,4,11,18,16,45,5,35,15:48:10.094
5,16,32,44,43,19,16,36,33,39,27,41,14,18,6,16,48,3,15,8,21,11,38,38,17,22,31,48,48,46,6,2,27,28,34,7,11,28,34,19,5,18,12,3,16,15:48:10.145
42,14,20,35,30,17,10,21,39,34,6,47,44,37,41,47,39,17,47,7,46,16,33,40,45,30,23,13,29,27,21,18,1,19,9,25,46,4,5,31,17,6,11,23,19,15:48:10.196
36,1,2,43,19,24,20,8,35,4,27,15,23,36,18,29,16,43,3,17,42,20,3,36,5,22,27,49,26,2,11,40,27,6,33,24,35,44,12,29,31,25,13,16,35,15:48:10.247
21,30,2,36,48,23,11,10,45,13,35,49,3,22,13,27,45,27,17,13,35,9,23,28,18,14,25,12,31,30,26,31,19,24,9,36,30,8,5,8,35,5,21,49,4,15:48:10.300
3,41,8,32,16,38,47,11,2,24,31,10,11,18,32,30,16,37,46,26,42,44,32,4,13,14,39,5,19,16,19,9,30,1,33,45,46,28,46,15,39,8,5,48,12,15:48:10.351
42,13,30,19,31,29,4,46,10,40,40,24,7,46,36,27,40,31,16,28,11,9,35,7,27,17,28,20,47,18,12,6,16,45,10,34,38,44,12,25,8,30,19,17,36,15:48:10.405
41,11,18,9,16,5,42,45,24,6,32,30,45,18,31,15,24,48,32,22,31,4,40,2,37,48,2,31,34,16,15,17,33,5,17,35,28,6,11,2,43,24,9,43,10,15:48:10.459
36,1,6,12,6,16,27,40,22,29,21,35,25,5,30,33,9,14,7,11,8,14,26,31,27,30,5,31,16,38,37,22,5,45,48,42,26,42,49,22,28,1,14,11,8,15:48:10.515
28,11,30,29,20,34,33,21,47,48,36,1,8,10,44,9,24,10,43,25,24,25,45,38,10,35,35,28,22,47,11,22,27,48,37,44,43,41,17,4,5,19,44,36,17,15:48:10.566
33,45,38,27,2,13,18,21,45,10,10,15,25,8,43,4,48,21,19,16,26,48,28,31,5,20,27,39,13,38,10,28,26,40,4,22,35,42,40,6,35,39,37,42,23,15:48:10.619
26,15,42,36,12,24,47,33,29,13,47,20,10,40,40,8,17,5,34,17,30,29,48,47,15,48,39,11,43,40,8,23,19,10,9,28,33,8,14,18,48,15,34,40,38,15:48:10.675
33,4,26,24,28,7,24,3,39,37,36,19,46,8,7,26,15,44,18,9,49,3,44,10,2,39,31,38,22,36,26,44,12,7,39,18,8,19,20,4,45,22,26,15,3,15:48:10.731
7,30,1,23,28,22,16,20,40,24,5,33,42,43,28,3,6,38,13,27,31,22,26,29,34,40,16,36,5,40,20,23,7,30,39,6,31,33,44,12,49,41,30,44,30,15:48:10.785
5,21,44,26,45,38,48,24,29,14,4,1,19,39,10,25,27,35,31,20,41,48,19,48,7,14,8,9,40,43,12,6,2,19,30,6,3,15,32,46,29,18,46,24,36,15:48:10.838
9,39,11,21,24,24,28,2,5,44,11,17,43,16,30,48,15,45,9,10,16,2,17,24,33,38,26,37,45,48,13,3,30,44,18,36,38,45,23,10,19,42,18,48,34,15:48:10.890
2,12,23,18,45,2,35,29,16,30,45,42,41,11,39,33,33,32,16,32,7,12,28,20,10,32,26,34,9,16,21,9,44,28,10,39,48,43,15,14,2,19,18,14,26,15:48:10.942
8,12,40,38,19,20,13,17,15,38,28,35,7,24,13,4,15,26,42,1,7,16,39,29,33,1,16,27,14,31,43,20,49,45,28,26,24,42,48,36,25,35,7,32,48,15:48:10.995
10,14,14,48,34,16,8,12,29,46,8,49,8,48,12,41,9,47,36,20,31,13,34,17,44,15,32,26,38,27,10,13,14,11,34,3,17,3,34,10,10,19,22,47,31,15:48:11.045
10,15,26,41,2,25,22,29,47,38,27,27,42,3,1,5,6,35,37,47,23,43,9,22,31,34,5,38,33,1,20,41,2,39,8,14,48,22,10,42,46,38,23,43,14,15:48:11.097
31,38,39,37,28,44,40,25,45,2,22,5,43,10,36,11,36,38,7,32,37,4,26,16,15,46,14,9,27,9,20,14,44,3,10,23,22,45,41,34,20,16,45,10,30,15:48:11.150
33,34,12,39,31,2,40,37,32,19,6,4,9,38,17,46,25,40,23,19,4,37,20,13,7,23,35,45,40,2,13,33,21,2,34,23,37,13,24,45,9,4,27,40,49,15:48:11.207
34,7,5,41,6,13,15,11,34,17,38,29,34,16,18,28,41,10,46,16,9,21,49,21,1,31,14,36,9,4,39,23,28,7,41,11,25,41,31,30,24,12,35,44,14,15:48:11.261
47,11,8,2,37,23,17,49,3,2,37,7,16,45,40,29,9,46,9,11,43,3,5,47,25,9,46,17,19,40,40,32,9,36,3,26,46,45,10,22,26,19,38,43,22,15:48:11.312
49,35,46,24,28,14,37,42,9,17,34,6,19,19,21,42,36,21,6,39,49,28,37,47,12,6,11,44,37,10,29,29,29,40,28,13,29,6,17,8,13,15,6,29,32,15:48:11.365
28,29,24,2,31,16,37,3,36,42,29,10,43,15,39,48,18,31,4,14,14,48,30,41,17,4,20,18,38,22,20,25,31,24,46,7,46,42,28,48,7,29,46,3,13,15:48:11.416
1,21,13,31,3,40,39,19,5,9,28,29,41,38,22,40,19,45,2,5,13,22,36,29,45,46,19,47,9,17,44,45,12,47,5,13,4,19,47,3,24,3,43,9,6,15:48:11.468
13,31,37,20,21,32,43,41,22,23,28,22,48,27,13,43,36,6,14,4,20,7,9,5,18,44,47,38,33,10,31,16,40,43,40,22,42,5,41,25,46,33,24,38,8,15:48:11.522
23,15,37,21,47,1,44,46,16,16,11,22,12,20,46,5,10,3,3,34,14,14,13,45,36,23,29,29,43,13,24,14,15,10,40,13,46,1,43,15,7,13,2,30,30,15:48:11.659
40,37,19,13,30,35,3,6,49,25,40,42,21,9,23,35,38,49,13,27,17,43,36,21,26,44,22,45,39,37,43,9,24,38,28,22,45,2,49,32,33,18,7,45,13,15:48:11.710
13,8,11,41,5,45,44,42,24,8,26,33,2,36,3,10,45,43,38,15,24,10,13,34,41,14,7,43,21,20,20,45,16,31,18,27,49,12,14,26,16,30,9,1,44,15:48:11.766
24,31,29,14,5,27,35,43,22,12,9,27,48,14,28,35,5,22,1,13,17,9,12,18,17,1,21,32,9,9,3,25,2,15,37,46,47,13,27,7,27,8,33,6,16,15:48:11.820
17,13,31,28,33,5,33,30,41,2,33,30,9,25,34,31,31,9,12,42,20,36,21,47,10,21,8,16,26,29,35,8,46,28,32,5,46,48,27,42,13,4,42,38,7,15:48:11.876
7,11,10,5,21,16,1,49,15,19,27,33,32,6,44,43,1,46,10,43,25,40,20,44,46,3,6,17,3,8,18,10,4,13,43,18,14,5,47,45,10,42,20,47,2,15:48:11.927
30,34,8,35,47,17,3,48,17,46,40,14,18,5,32,30,34,37,20,10,13,46,41,1,4,21,14,47,32,26,7,11,10,28,43,47,13,22,19,18,34,7,29,19,23,15:48:11.980
13,39,1,15,46,7,2,4,39,28,30,36,2,20,16,25,24,1,7,43,21,12,15,23,23,34,42,23,43,30,7,13,2,42,20,4,27,19,14,26,43,31,3,13,49,15:48:12.031
17,43,2,12,47,12,25,49,16,10,47,44,29,34,38,15,40,36,30,35,36,35,45,16,44,41,35,14,39,38,2,36,7,49,49,45,7,29,23,40,2,7,19,14,4,15:48:12.086
21,2,27,31,8,38,39,46,22,41,38,13,2,17,20,12,29,22,23,29,24,45,2,42,9,30,23,1,36,39,16,4,44,16,27,13,11,1,11,5,10,5,6,14,1,15:48:12.138
24,22,25,36,47,12,35,4,19,34,22,19,4,35,21,28,49,31,7,2,36,49,34,12,22,20,26,31,12,11,35,37,30,31,12,30,5,12,44,1,33,21,5,3,12,15:48:12.192
38,32,15,34,1,10,29,9,40,37,20,43,28,19,47,31,1,46,31,27,42,41,26,13,1,11,38,37,30,44,19,18,19,18,47,23,11,34,43,37,23,38,8,14,42,15:48:12.244
17,5,27,35,22,31,42,9,16,27,21,13,14,2,39,28,31,5,39,12,19,6,16,27,7,40,23,19,39,48,38,13,4,41,7,21,12,37,13,36,9,3,35,39,3,15:48:12.301
20,36,24,20,49,24,31,17,44,44,10,19,7,14,19,29,13,28,29,5,15,18,2,37,33,10,19,7,10,16,35,18,14,38,7,25,14,30,24,7,33,19,46,4,42,15:48:12.357
30,6,4,3,17,16,30,32,10,8,33,9,5,11,10,43,7,31,20,36,31,33,43,8,28,28,39,20,16,35,14,48,24,9,43,17,14,17,24,12,7,1,27,1,8,15:48:12.409
7,2,2,26,21,34,13,36,35,9,34,17,30,9,20,7,43,1,35,32,5,4,18,18,41,24,19,4,34,45,12,29,8,29,11,6,24,37,7,44,47,12,23,17,23,15:48:12.461
3,42,9,36,39,23,22,10,28,25,41,32,39,32,29,38,26,38,3,5,38,7,12,18,20,19,35,16,30,13,22,41,2,16,7,44,29,8,36,45,34,42,36,48,10,15:48:12.514
49,30,29,20,13,43,18,30,28,42,44,13,28,28,1,48,42,31,24,1,40,3,46,25,15,11,26,10,7,3,4,21,3,17,38,46,18,24,7,8,45,44,32,39,33,15:48:12.569
25,23,30,45,39,14,25,43,9,47,8,41,11,15,4,20,9,9,19,21,43,31,40,15,23,46,41,5,14,29,7,19,34,2,1,30,35,33,29,36,7,1,6,32,28,15:48:12.622
16,39,34,21,8,40,30,2,2,16,43,45,2,22,46,18,7,42,28,32,1,33,15,10,44,17,49,21,32,5,15,36,19,38,30,12,19,42,21,19,18,49,17,49,18,15:48:12.673
7,33,20,22,10,37,45,45,10,26,16,36,45,26,46,43,21,4,26,18,19,27,45,32,6,19,3,42,41,26,45,40,38,16,18,4,35,1,3,11,28,25,22,22,33,15:48:12.726
26,30,48,20,9,41,13,32,2,7,46,18,13,9,38,23,6,32,13,48,39,9,44,9,33,19,10,3,25,13,38,35,48,38,21,38,49,42,34,14,11,1,39,37,38,15:48:12.782
26,13,37,20,1,39,23,6,43,34,47,33,13,43,13,43,46,44,31,40,42,47,2,46,2,43,35,31,38,32,36,40,25,48,18,20,37,38,44,46,26,42,45,19,28,15:48:12.836
2,23,3,22,8,27,38,2,17,13,8,1,25,6,46,18,49,25,6,39,26,48,19,41,17,21,23,40,37,32,8,44,45,8,6,18,37,8,45,13,25,37,24,21,20,15:48:12.891
48,35,22,22,41,13,4,48,19,25,38,8,25,12,38,9,3,6,14,32,42,43,30,31,44,49,49,28,13,31,4,23,24,23,48,8,36,12,33,1,23,5,29,22,16,15:48:12.944
24,29,9,23,41,38,46,24,47,10,5,31,39,8,35,38,44,14,18,18,39,24,13,48,38,8,24,45,47,4,5,31,30,22,14,40,16,21,41,7,12,31,4,39,31,15:48:12.998
3,47,41,2,31,6,22,43,30,16,48,1,44,35,37,48,32,10,7,14,30,8,24,1,39,27,25,47,25,40,7,31,46,32,42,36,5,3,22,15,34,27,30,30,16,15:48:13.053
25,3,9,30,45,30,25,34,1,19,7,21,41,3,3,9,33,6,4,2,45,13,19,13,36,25,14,18,23,7,20,42,16,15,17,12,15,38,35,33,7,43,22,10,14,15:48:13.109
32,36,34,38,23,2,2,36,9,11,11,10,44,38,4,42,33,42,18,5,31,35,2,17,38,3,4,12,49,31,12,31,5,1,14,35,12,40,17,2,11,27,30,43,19,15:48:13.165
40,43,32,46,1,45,29,38,1,25,10,5,22,10,32,45,15,26,12,25,37,7,46,45,40,18,6,14,41,46,44,1,2,38,43,12,41,15,7,20,17,13,7,14,33,15:48:13.217
45,44,46,47,1,36,17,9,42,39,43,8,39,9,30,16,29,13,5,6,26,15,34,40,7,15,17,27,4,19,28,33,27,29,22,15,4,22,1,38,11,45,47,44,32,15:48:13.270
5,37,30,30,19,42,28,15,46,34,9,8,6,16,48,34,14,6,6,15,6,14,16,29,25,19,25,46,24,19,40,6,41,3,27,28,28,12,33,1,48,35,38,37,32,15:48:13.326
5,26,38,2,8,19,32,20,37,32,39,31,44,20,36,44,33,10,30,46,40,22,48,10,30,17,43,24,25,42,13,22,1,2,40,32,46,18,19,16,21,23,5,49,17,15:49:36.213
28,8,43,45,41,14,21,38,31,4,38,34,21,18,46,23,15,17,16,44,21,20,39,13,8,45,6,16,5,29,12,5,31,49,35,17,7,12,48,49,39,32,45,43,34,15:49:36.268
18,26,29,39,2,36,40,9,1,36,48,35,12,26,16,35,24,43,47,37,32,29,27,26,17,13,19,30,29,13,42,9,43,26,3,5,28,38,31,35,31,25,15,5,8,15:49:36.323
1,4,18,8,39,34,17,39,10,6,40,22,41,6,6,15,33,30,8,30,17,29,38,9,3,47,10,30,30,16,4,31,34,23,20,21,31,41,36,45,23,25,47,13,13,15:49:36.377
15,12,25,7,17,4,33,5,32,4,35,13,13,19,10,30,28,9,16,37,19,37,35,25,10,30,18,20,47,42,4,16,26,14,16,1,22,8,1,29,5,1,1,47,8,15:49:36.428
15,26,22,33,1,47,33,23,11,42,48,38,19,21,41,26,3,29,49,29,31,15,43,42,28,1,32,14,36,3,19,47,7,5,1,40,31,18,6,39,49,22,45,3,29,15:49:36.479
31,17,22,10,48,44,26,47,34,34,40,21,15,18,31,37,40,14,44,36,42,14,45,43,28,6,11,42,22,43,6,23,29,42,29,17,13,24,46,38,4,36,1,12,21,15:49:36.533
6,27,17,49,6,23,43,32,43,17,12,6,34,3,45,32,29,29,5,40,23,30,30,32,42,21,23,24,19,6,19,18,37,39,44,8,36,31,49,16,48,27,7,23,43,15:49:36.590
8,5,8,27,24,28,23,42,12,43,27,15,24,36,35,48,46,32,10,11,49,5,12,37,33,12,49,34,18,8,27,17,24,19,16,32,26,35,23,20,43,48,38,4,47,15:49:36.641
5,42,45,28,25,25,41,41,24,33,32,2,40,36,13,42,13,14,23,3,8,8,9,46,14,10,36,37,8,30,44,48,17,43,39,13,14,4,12,47,44,1,17,8,18,15:49:36.695
33,39,16,13,18,18,18,3,36,18,39,33,8,2,38,28,4,20,11,41,5,36,21,35,44,19,3,28,1,40,30,42,38,4,23,8,44,28,12,12,14,14,7,32,25,15:49:36.748
39,11,33,13,6,2,34,40,21,44,10,28,21,44,6,45,22,43,34,6,4,10,47,34,21,13,41,12,5,25,41,49,20,17,3,18,30,34,16,19,27,19,12,1,42,15:49:36.800
37,26,44,11,14,6,8,10,29,28,3,40,48,28,49,24,4,39,32,33,46,30,16,8,42,13,1,26,40,29,7,47,45,23,12,17,33,37,48,29,27,25,15,13,36,15:49:36.856
30,11,36,24,15,42,46,32,10,37,31,12,1,48,17,49,39,45,26,22,38,39,6,35,11,1,35,10,38,47,26,33,18,9,20,27,29,27,43,28,35,37,32,25,49,15:49:36.912
9,38,48,22,49,25,4,9,25,43,28,1,24,37,24,30,25,17,24,10,12,2,21,3,6,4,46,15,9,19,46,28,44,26,43,14,24,1,48,10,8,29,39,5,9,15:49:36.967
14,38,43,29,26,14,43,2,32,39,36,34,6,19,16,44,26,3,12,46,43,1,24,12,22,29,40,28,36,13,40,8,6,19,43,7,28,33,2,3,7,18,2,25,28,15:49:37.023
48,47,4,16,34,49,33,13,7,24,19,41,28,16,24,11,30,30,23,8,7,9,6,48,12,46,49,38,26,9,6,4,29,33,13,22,32,33,28,45,42,44,35,25,41,15:49:37.075
4,27,26,29,41,4,12,14,33,14,30,12,2,31,12,41,20,13,20,7,33,19,20,26,37,46,27,24,41,5,20,3,32,31,14,45,18,36,12,22,24,10,18,47,24,15:49:37.129
18,49,33,10,49,7,22,28,25,15,46,40,38,33,32,47,9,35,32,5,48,46,14,45,21,21,25,14,47,30,8,25,49,20,35,17,13,35,16,33,33,33,4,16,32,15:49:37.180
49,21,29,11,4,8,1,46,12,3,10,39,37,14,46,32,15,22,25,27,48,41,28,1,39,49,15,13,24,48,48,19,12,2,46,17,46,10,14,35,13,11,47,25,10,15:49:37.231
13,20,11,28,34,21,43,25,43,36,8,21,25,12,20,7,15,31,15,15,16,19,40,35,40,48,11,37,32,6,7,38,22,4,17,19,23,40,29,49,14,33,33,33,28,15:49:37.288
38,39,16,26,47,17,45,43,49,1,30,24,49,13,39,4,8,9,2,43,18,47,43,30,17,42,37,14,2,28,3,49,46,20,26,13,27,46,45,23,6,5,4,49,48,15:49:37.345
48,43,2,17,45,39,13,6,31,36,16,40,29,37,32,8,41,28,35,39,48,17,34,13,38,48,47,18,48,17,32,22,37,44,44,10,47,13,5,29,35,24,37,35,49,15:49:37.396
47,42,26,29,28,19,40,45,32,17,17,11,44,11,1,41,32,7,11,14,6,4,45,29,39,5,16,11,35,35,9,29,39,45,36,43,3,2,15,9,35,9,3,9,9,15:49:37.451
26,4,5,29,12,6,49,38,28,7,23,49,6,5,13,32,10,10,5,41,47,20,8,30,22,44,13,16,14,40,15,31,10,1,35,20,43,6,30,20,12,41,16,20,33,15:49:37.507
42,46,7,4,15,16,5,7,30,17,1,37,21,27,11,13,46,5,44,6,46,34,10,16,38,37,21,46,2,11,27,10,9,27,27,22,43,20,22,22,47,37,14,12,10,15:49:37.559
2,40,37,26,1,35,16,10,42,2,23,44,19,6,33,28,2,28,31,23,31,12,23,23,37,18,42,42,36,16,45,11,47,36,25,8,12,40,8,30,48,5,3,30,22,15:49:37.610
43,23,35,20,44,45,24,16,39,7,2,9,23,13,30,13,3,27,6,17,31,2,11,41,38,29,23,36,42,41,38,32,8,17,46,8,17,30,12,40,11,38,1,8,16,15:49:37.661
12,41,15,28,20,9,19,21,38,38,32,41,32,16,11,36,25,30,6,31,28,7,45,1,15,48,23,21,23,45,2,28,28,21,44,36,18,2,30,48,37,16,14,26,2,15:49:37.713
24,29,7,44,11,40,28,27,24,39,26,10,17,20,48,33,35,25,42,25,48,35,11,4,26,18,13,36,25,29,1,25,7,13,25,45,47,15,46,2,9,41,25,1,3,15:49:37.764
43,12,16,48,26,40,38,15,13,44,33,37,32,1,14,26,7,19,16,24,40,15,28,47,33,42,14,43,2,7,44,10,5,38,46,8,13,44,13,19,21,44,1,24,31,15:49:37.819
37,15,30,12,13,41,44,37,2,47,18,8,46,2,23,5,24,49,6,20,1,27,16,25,27,45,36,37,45,11,41,41,18,22,48,24,32,20,30,30,12,21,14,37,22,15:49:37.870
43,12,24,42,49,41,8,3,40,9,15,43,46,36,46,34,27,2,22,31,11,36,5,15,39,18,20,35,32,23,17,28,32,49,42,15,18,6,42,11,41,14,25,20,27,15:49:37.922
35,42,15,8,15,19,36,48,45,12,34,43,16,35,44,21,41,39,28,15,43,13,46,20,17,23,3,12,2,28,21,47,4,11,44,47,39,47,5,29,10,12,20,32,15,15:49:37.973
4,26,3,49,1,8,24,17,24,49,43,30,15,22,10,18,14,31,35,38,48,7,49,3,19,24,14,23,17,22,15,33,25,16,31,31,11,5,45,29,8,31,14,13,1,15:49:38.025
15,40,45,36,44,18,37,22,2,28,33,9,39,27,31,7,37,26,39,23,38,38,39,24,32,47,10,8,19,16,21,38,42,47,4,21,44,30,40,5,32,49,46,37,43,15:49:38.080
33,21,27,16,43,36,46,14,5,15,2,7,46,2,38,30,2,29,9,37,41,37,41,2,23,31,33,48,18,34,19,15,46,23,12,2,10,31,9,29,42,11,35,18,17,15:49:38.131
7,43,40,9,1,5,32,22,37,26,35,46,9,41,37,20,11,32,17,5,32,41,24,13,13,47,17,20,39,25,47,1,20,35,31,2,37,18,43,29,14,15,27,25,31,15:49:38.183
4,20,13,41,34,21,13,49,36,48,7,12,1,5,45,49,2,44,7,49,34,47,15,31,9,24,30,4,32,24,24,12,26,2,17,3,3,37,4,34,5,41,32,24,27,15:49:38.235
21,27,29,6,22,48,40,15,5,48,6,18,7,47,8,49,49,1,13,23,38,23,25,28,25,35,20,20,43,32,20,24,49,20,35,20,22,37,42,33,49,32,3,44,15,15:49:38.291
4,9,27,9,7,34,28,26,28,19,38,36,22,33,39,13,24,43,7,46,23,25,21,18,38,32,4,32,15,45,10,35,48,48,28,41,47,6,29,39,47,47,38,41,39,15:49:38.347
43,36,27,13,45,49,46,49,10,27,6,12,49,18,23,8,14,24,49,15,49,14,24,24,10,35,12,27,39,44,27,29,1,43,17,49,22,6,20,27,33,17,35,49,33,15:49:38.404
41,17,36,39,5,24,18,29,1,40,6,27,28,28,3,23,13,18,18,25,34,19,25,22,25,24,15,5,30,19,7,7,8,40,28,37,11,18,46,48,1,26,37,20,26,15:49:38.457
22,38,41,42,36,20,11,44,5,37,28,25,15,44,47,24,13,21,6,6,46,12,40,13,7,21,6,9,30,20,25,32,44,23,46,29,47,22,11,34,16,18,47,18,24,15:49:38.509
1,21,15,5,13,10,28,31,14,11,15,7,41,36,3,16,6,1,14,34,39,45,1,37,32,13,49,10,42,6,17,30,26,4,38,14,46,5,39,39,8,27,18,44,4,15:49:38.565
46,36,41,9,29,19,16,42,11,33,30,45,38,9,20,14,12,47,20,8,8,34,9,49,24,45,36,38,6,37,33,22,34,35,45,48,25,30,24,28,3,17,23,29,29,15:49:38.622
22,34,40,49,44,11,1,19,1,1,32,19,8,32,24,43,32,39,6,39,15,7,6,13,33,25,19,45,43,22,35,29,18,49,9,24,12,35,21,34,31,31,48,9,22,15:49:38.677
30,41,4,39,4,43,47,27,12,8,40,29,33,11,46,23,35,18,42,48,32,16,29,18,13,49,49,38,36,37,8,28,48,22,47,19,42,26,9,39,7,11,23,19,26,15:49:38.731
27,38,25,41,37,13,1,18,19,43,11,32,42,44,7,43,5,2,23,15,28,32,26,28,16,39,25,45,47,14,34,31,22,25,31,6,10,43,7,1,10,36,24,45,36,15:49:38.787
2,36,15,4,30,24,15,9,30,16,12,18,4,4,33,23,17,43,25,13,1,19,29,2,33,5,4,40,33,26,25,30,29,7,47,34,8,28,48,45,48,33,12,21,7,15:49:38.840
3,29,45,18,8,27,7,6,39,15,41,43,39,5,33,42,36,24,39,24,14,28,10,5,47,20,48,48,1,38,20,19,1,11,4,8,6,47,42,6,45,16,41,7,11,15:49:38.892
35,37,49,44,22,40,18,34,16,13,28,6,16,45,48,2,35,36,8,34,12,6,14,24,3,7,40,33,47,27,17,42,40,35,6,6,28,5,32,10,35,49,13,20,36,15:49:38.944
36,34,14,28,47,25,15,29,43,37,14,45,45,18,1,30,34,4,23,39,31,26,29,6,29,44,36,16,29,35,33,16,16,22,37,23,33,36,47,48,18,35,11,15,46,15:49:38.997
27,11,13,16,27,34,45,6,40,29,16,39,5,4,31,27,38,48,44,11,48,33,32,14,17,13,30,20,40,32,28,48,10,15,33,10,37,38,41,4,8,6,21,24,18,15:49:39.048
17,10,30,28,14,33,14,12,20,39,30,33,37,38,13,41,47,7,5,16,8,17,40,44,12,17,4,29,38,41,18,17,13,16,36,8,40,39,41,22,49,14,29,7,31,15:49:39.101
38,48,43,11,27,43,25,29,30,45,39,32,26,25,42,36,8,37,11,23,32,20,11,35,34,3,18,14,38,4,17,36,42,14,49,21,12,26,16,46,38,23,25,15,39,15:49:39.153
49,45,28,32,49,36,37,27,26,11,10,23,34,5,11,40,29,14,29,10,14,5,43,41,13,22,17,4,23,34,30,12,1,20,15,9,38,5,16,3,27,13,39,47,21,15:49:39.207
34,19,30,10,40,16,14,45,13,34,8,30,7,37,41,15,5,9,9,10,27,44,10,34,15,43,37,36,12,35,36,1,17,40,39,48,31,5,6,25,4,25,17,33,43,15:49:39.259
16,31,8,15,31,8,29,15,7,46,41,18,6,36,1,49,31,3,45,19,14,43,3,20,37,48,49,19,15,4,10,32,43,7,8,44,15,45,38,20,9,29,49,40,14,15:49:39.310
6,35,25,47,24,35,11,41,22,41,13,22,39,2,17,43,28,2,26,22,31,14,48,40,15,29,17,16,26,5,17,19,32,49,26,36,8,13,39,21,12,3,18,5,8,15:49:39.362
40,19,48,31,47,19,27,20,4,26,18,38,36,19,6,16,16,28,11,7,31,13,45,47,44,17,33,48,22,28,10,3,19,8,4,48,11,44,23,29,32,26,2,11,29,15:49:39.414
44,1,24,27,6,19,29,34,27,23,17,34,22,42,4,29,35,15,38,18,32,8,21,31,19,8,12,12,29,10,22,1,28,17,45,43,28,41,36,36,44,5,45,6,30,15:49:39.466
30,24,7,7,15,11,49,16,3,35,37,42,6,35,15,8,46,6,6,24,42,32,23,27,24,46,20,26,7,18,43,38,33,41,15,42,38,36,26,19,47,20,44,34,12,15:49:39.522
12,48,37,14,41,22,20,10,20,12,49,12,26,27,19,22,37,20,3,36,3,34,15,29,37,22,37,44,26,5,49,49,42,33,11,30,48,26,13,38,25,46,7,35,35,15:49:39.574
1,33,33,25,13,20,39,19,2,29,15,32,40,23,37,31,36,1,10,42,19,11,21,42,12,47,31,27,19,23,44,42,41,43,20,12,48,39,33,24,10,24,2,49,16,15:49:39.627
34,32,8,18,3,5,38,20,41,21,18,10,5,47,11,17,20,34,21,40,43,12,44,6,9,41,41,6,42,24,6,14,20,19,35,9,16,29,3,21,42,43,34,37,39,15:49:39.678
39,38,16,8,41,28,45,48,17,21,8,13,37,42,11,10,35,37,1,24,4,33,39,12,15,46,28,29,31,47,25,48,29,20,17,37,2,49,35,8,35,47,12,4,4,15:49:39.732
8,10,10,20,41,43,31,48,46,5,36,21,39,24,28,49,15,35,9,34,10,32,49,33,2,18,35,37,38,19,9,19,8,24,30,18,23,26,22,10,12,19,13,24,36,15:49:39.783
7,1,3,11,27,2,1,6,3,13,9,40,35,28,20,13,33,26,1,36,39,28,25,28,38,32,35,31,42,22,24,16,8,19,27,34,1,47,32,36,10,14,7,7,38,15:49:39.834
46,8,4,1,15,9,40,40,21,3,7,2,31,45,40,10,20,3,27,41,21,3,47,40,24,30,6,6,46,30,17,20,13,26,25,18,7,8,48,4,43,5,23,35,31,15:49:39.885
37,45,47,9,29,43,9,6,21,13,4,15,19,3,2,22,48,29,41,15,39,7,18,38,40,19,36,8,23,4,49,15,36,20,32,48,19,11,4,1,9,4,26,16,49,15:49:39.940
30,26,8,8,11,43,5,3,42,16,18,42,49,32,4,26,27,29,37,6,18,2,4,27,18,46,40,12,31,22,30,25,47,30,17,46,33,13,15,6,25,16,21,16,17,15:49:39.993
20,19,31,16,40,49,26,43,24,1,28,37,2,35,15,49,10,36,47,22,14,27,40,25,41,6,8,21,16,1,9,24,27,27,43,10,48,35,2,47,1,29,48,23,33,15:49:40.043
28,8,40,25,27,31,7,12,22,22,37,5,35,7,40,5,17,13,3,39,9,12,11,9,5,32,17,27,24,3,38,22,21,46,34,17,26,9,38,39,46,42,21,46,23,15:49:40.099
25,34,49,36,39,33,48,27,28,3,12,40,27,29,24,46,39,43,2,41,15,12,36,40,32,5,6,4,8,42,9,31,32,1,15,39,38,35,2,25,32,22,43,33,32,15:49:40.155
39,15,22,37,6,6,31,15,10,9,28,10,3,11,18,32,33,37,13,13,48,43,18,9,17,17,30,23,36,34,31,38,11,27,30,6,24,30,9,21,42,33,23,40,39,15:49:40.208
42,36,7,49,40,49,4,14,49,15,26,43,32,26,30,31,4,37,44,32,20,46,15,32,36,17,17,49,37,25,27,17,42,11,48,48,36,39,3,10,7,15,40,38,41,15:49:40.260
15,49,34,31,3,14,10,19,27,6,4,22,8,47,7,26,22,9,48,24,43,14,7,9,46,17,6,20,23,1,46,25,8,27,14,41,16,25,23,36,41,26,49,21,48,15:49:40.311
7,43,45,18,40,29,12,25,18,9,21,24,1,26,18,18,14,25,5,40,21,9,7,15,30,25,41,25,28,4,43,26,4,4,47,25,8,36,17,40,39,42,10,17,32,15:49:40.382
19,8,37,26,24,20,43,31,1,18,41,11,34,39,1,25,25,14,25,22,23,32,38,24,19,17,3,18,23,46,43,30,2,39,9,31,13,46,10,44,13,5,25,28,35,15:49:40.437
24,42,22,21,2,8,6,21,8,27,38,8,39,4,42,46,44,19,24,28,6,44,22,26,11,45,40,9,18,2,19,32,36,49,31,22,47,18,12,15,11,26,32,35,23,15:49:40.490
36,28,17,27,5,42,32,42,47,33,2,17,38,22,21,13,33,5,37,39,34,33,6,10,29,28,31,42,11,46,30,29,35,14,31,12,16,48,41,43,3,30,8,26,36,15:49:40.542
4,5,43,46,17,9,37,41,3,45,18,2,3,40,44,31,14,29,9,10,48,22,4,14,13,45,29,9,43,45,45,36,31,35,47,36,29,25,48,7,21,22,8,22,1,15:49:40.595
11,29,20,29,48,6,37,15,25,16,43,37,6,36,20,49,30,1,43,41,27,5,20,42,35,9,36,6,11,19,13,18,20,17,18,40,6,49,48,8,24,35,16,35,2,15:49:40.647
36,48,46,35,1,31,26,41,36,33,29,44,45,43,17,38,46,44,19,15,10,31,30,14,36,39,27,18,38,39,26,46,43,44,33,24,28,20,32,3,22,4,42,10,13,15:49:40.703
40,23,45,30,35,12,31,4,46,44,29,39,3,37,13,27,26,40,22,4,12,31,8,13,30,46,36,23,28,37,38,22,34,43,32,30,5,42,42,39,5,22,30,4,15,15:49:40.757
34,42,23,2,21,17,45,22,24,38,15,34,34,38,46,27,30,37,6,19,47,9,48,32,24,36,24,42,37,34,36,44,4,24,32,46,49,25,1,21,21,37,15,38,48,15:49:40.813
48,27,45,33,11,22,15,17,44,36,38,32,39,47,15,37,42,42,32,9,42,23,35,4,18,43,48,23,42,26,39,38,32,4,48,9,46,37,34,15,5,22,32,10,1,15:49:40.865
29,26,19,30,6,49,9,37,44,48,2,4,40,27,1,15,25,7,48,41,35,7,17,32,27,28,43,20,45,13,11,39,43,21,35,10,16,2,13,12,35,28,40,15,43,15:49:40.919
18,35,12,38,30,35,41,40,14,9,7,1,16,22,2,25,7,17,2,37,16,19,44,28,30,2,15,1,3,28,1,36,26,8,14,17,49,33,1,39,31,30,12,39,47,15:49:40.973
24,31,31,31,45,19,30,26,6,23,17,14,42,40,11,46,5,33,30,34,34,14,7,49,41,40,33,4,49,32,19,20,5,23,13,36,29,40,41,5,11,24,22,5,17,15:49:41.025
49,33,24,39,46,4,20,25,7,1,25,46,15,34,20,41,35,11,5,26,46,34,35,45,34,27,1,9,27,33,22,46,26,34,32,40,15,32,20,36,43,9,39,20,10,15:49:41.081
31,26,13,9,33,47,42,44,36,33,40,10,22,25,8,48,39,12,20,7,39,37,28,29,49,2,33,32,28,5,24,41,46,21,26,13,44,17,41,3,12,40,1,32,36,15:49:41.136
10,3,27,26,13,48,39,17,31,29,13,19,12,25,34,24,18,12,17,42,42,32,21,15,45,25,28,15,8,4,33,47,46,25,30,31,13,1,47,9,6,9,23,48,37,15:49:41.191
21,36,49,43,46,39,16,7,48,40,28,33,39,4,41,3,25,2,16,41,33,24,15,34,11,23,6,10,26,40,42,48,32,25,14,7,37,6,24,17,23,7,45,39,22,15:49:41.246
44,49,20,6,14,10,13,18,38,42,46,38,14,12,44,12,5,18,1,13,16,37,30,1,7,46,11,49,27,22,25,28,6,46,15,18,5,26,15,47,39,38,34,42,24,15:49:41.299
27,49,38,13,36,34,43,20,1,47,39,42,47,37,39,32,48,35,11,10,11,12,42,21,26,47,17,9,11,9,16,33,21,5,34,9,3,46,28,34,5,39,42,40,22,15:49:41.354
23,46,38,33,32,45,6,14,3,28,34,44,11,37,5,29,2,14,41,48,4,32,34,36,48,30,20,2,4,34,22,1,8,16,27,20,18,45,4,47,17,22,29,46,14,15:49:41.409
19,26,6,29,20,34,13,41,12,26,43,18,41,20,1,49,31,5,9,32,30,1,15,14,24,22,34,7,10,33,9,10,26,32,5,39,17,17,16,33,41,8,26,48,39,15:49:41.461
18,38,13,32,20,19,29,18,14,36,21,15,45,3,37,25,46,9,17,3,31,20,47,43,32,10,46,4,24,27,25,18,33,10,39,13,40,32,38,3,41,10,17,18,33,15:49:41.514
31,44,2,47,7,23,13,26,42,13,37,33,42,20,43,48,19,23,32,26,15,37,39,21,40,44,24,21,2,38,14,24,41,10,46,3,11,32,13,8,39,9,23,4,21,15:49:41.567
19,14,26,29,47,14,47,34,48,11,35,22,6,37,36,24,30,3,29,10,17,7,27,39,18,40,43,21,19,47,47,29,38,42,7,41,18,5,6,14,33,23,45,5,34,15:49:41.769
33,19,6,16,28,33,21,20,43,29,43,1,22,29,2,43,23,25,10,13,46,19,28,41,13,41,39,19,14,46,33,44,11,43,36,41,35,17,39,34,36,13,36,42,40,15:49:41.823
29,2,4,3,40,7,28,7,18,9,26,21,44,19,4,22,4,21,47,27,20,25,6,8,14,16,33,22,4,35,31,41,5,28,47,38,36,9,7,17,26,45,33,48,17,15:49:41.876
22,7,3,45,35,36,48,13,8,48,24,22,36,40,27,40,31,1,20,40,25,2,30,36,16,8,28,38,30,48,9,45,39,4,40,18,3,41,1,43,2,34,15,8,19,15:49:41.931
8,10,32,29,43,35,31,17,30,40,45,32,25,8,34,48,9,1,5,47,29,47,42,30,28,27,13,49,30,47,3,36,30,2,35,28,40,43,21,5,23,40,42,46,13,15:49:41.987
2,13,10,47,7,35,41,43,16,22,23,38,4,10,11,14,20,5,49,16,45,35,40,38,21,39,6,29,37,11,31,15,47,44,29,22,10,8,14,16,47,48,30,3,48,15:49:42.041
44,13,19,47,34,14,46,38,34,2,47,36,17,37,32,6,47,3,12,37,27,11,23,24,33,41,41,13,30,18,6,34,16,3,5,38,13,9,49,1,14,25,13,26,43,15:49:42.097
8,1,14,32,46,45,43,29,25,7,40,2,12,24,43,25,42,26,2,30,35,30,24,43,1,36,47,29,5,2,3,10,35,42,30,6,43,19,42,1,29,32,4,18,22,15:49:42.154
17,44,14,13,4,4,14,26,4,37,33,19,29,1,32,38,48,17,23,1,13,27,33,11,37,13,44,37,14,27,19,32,28,4,16,16,8,45,31,7,3,10,3,40,47,15:49:42.205
29,3,39,10,36,42,37,48,45,4,40,36,48,37,48,8,9,6,2,2,43,34,10,9,8,41,19,20,31,38,19,4,8,29,19,27,34,6,45,20,49,13,37,43,1,15:49:42.257
10,4,25,42,1,32,20,2,8,33,24,48,48,32,3,49,21,17,7,3,14,7,40,23,34,28,38,37,36,12,2,12,24,5,21,12,8,3,26,4,3,38,42,47,1,15:49:42.309
44,20,40,31,29,13,49,38,15,20,13,48,33,37,49,9,44,19,42,49,35,5,43,5,2,49,20,3,15,4,34,20,13,30,36,8,25,34,37,12,1,33,4,26,45,15:49:42.364
40,40,1,20,28,21,12,40,15,25,48,18,9,19,15,2,30,18,32,3,39,5,17,32,4,49,6,33,40,42,32,27,22,20,33,42,17,49,31,11,39,30,19,39,26,15:49:42.420
7,24,27,47,3,9,47,49,44,43,43,13,14,11,33,39,40,49,5,23,24,17,9,23,29,27,11,47,3,43,21,33,23,23,7,27,27,26,14,23,24,16,49,3,42,15:49:42.475
3,35,27,41,12,19,36,1,2,41,36,10,46,34,8,22,16,6,21,30,10,35,34,32,29,11,2,16,29,38,4,1,43,43,43,20,18,22,1,32,17,48,41,19,5,15:49:42.527
4,39,36,10,12,26,44,46,46,44,24,30,22,48,28,18,48,1,32,14,1,16,38,24,41,18,32,5,44,31,45,28,38,10,37,16,6,23,1,39,42,43,39,4,44,15:49:42.581
24,16,36,33,41,22,44,15,9,11,1,25,7,39,44,34,40,32,9,30,24,33,44,3,11,10,27,15,35,14,10,25,1,17,14,12,33,10,19,14,6,44,35,25,23,15:49:42.633
8,47,3,37,12,20,29,32,2,49,4,16,46,15,8,25,16,27,46,40,25,23,1,30,14,43,39,46,6,22,13,24,31,33,44,20,8,4,23,18,30,18,28,18,18,15:49:42.684
22,6,9,28,7,7,5,46,16,30,18,1,18,31,32,37,6,31,15,18,16,47,10,45,19,44,40,27,5,47,45,39,16,39,16,4,10,42,40,41,23,29,32,43,43,15:49:42.740
37,48,21,26,2,34,37,21,11,26,16,47,17,46,28,4,41,43,14,6,25,47,43,24,26,9,27,17,6,44,26,16,8,17,41,38,28,20,39,10,48,42,44,27,5,15:49:42.794
22,43,18,40,28,30,18,18,39,44,7,1,34,34,6,6,38,36,12,49,32,36,15,29,10,44,3,8,6,26,26,44,18,8,6,42,6,33,40,49,31,38,14,37,21,15:49:42.846
25,38,48,8,20,42,42,30,35,25,38,38,10,39,6,27,26,9,12,26,17,39,46,19,35,33,35,23,49,47,10,9,41,9,45,39,26,2,26,11,49,37,45,8,2,15:49:42.902
11,27,20,1,24,18,15,34,1,13,28,6,47,13,29,33,17,28,36,11,24,34,23,27,3,8,23,6,22,15,10,29,45,10,12,2,46,36,20,28,44,24,8,12,3,15:49:42.954
28,21,48,42,2,27,38,44,13,1,7,40,38,10,11,17,9,20,27,43,23,23,40,6,42,40,22,6,19,15,38,27,13,34,18,18,45,29,21,4,39,40,19,43,41,15:49:43.008
36,7,3,15,18,29,6,4,25,45,47,10,16,36,31,3,13,37,22,32,19,38,28,15,12,20,28,6,47,32,43,30,27,44,45,40,25,13,6,5,29,47,20,49,32,15:49:43.060
45,27,26,11,49,14,15,1,39,5,20,23,12,15,5,42,16,49,39,27,34,25,21,8,42,27,21,46,10,41,30,49,25,7,36,13,8,26,26,35,20,12,22,32,33,15:49:43.112
30,10,45,25,6,6,11,16,15,20,24,49,43,41,20,20,47,25,14,37,28,1,14,37,2,13,34,9,23,14,29,10,48,23,19,6,16,44,45,32,34,5,41,4,23,15:49:43.167
7,30,13,32,3,36,18,9,38,9,34,2,37,44,2,24,26,49,11,11,7,1,2,2,24,3,26,7,34,41,44,48,37,49,49,13,42,4,29,35,41,21,28,1,15,15:49:43.219
38,48,49,38,32,5,9,45,48,4,33,37,2,19,22,40,4,39,49,21,2,42,30,47,14,47,19,14,22,22,46,29,42,41,19,41,6,41,35,21,31,16,31,35,29,15:49:43.271
23,14,47,33,15,37,4,41,42,37,24,21,40,44,18,16,11,31,10,36,49,26,37,25,12,26,22,28,38,47,45,15,49,19,34,37,16,12,45,41,16,48,5,19,27,15:49:43.322
28,7,15,4,1,13,24,21,39,41,5,22,44,3,1,5,9,15,42,22,43,3,8,36,37,27,17,33,34,48,40,10,15,29,24,48,37,19,18,48,17,20,21,41,39,15:49:43.374
31,7,29,18,39,6,44,22,35,13,29,5,24,31,49,20,20,9,35,18,19,49,40,45,47,12,29,19,46,18,47,27,31,48,2,28,21,8,15,4,1,18,38,44,16,15:49:43.426
38,41,38,27,25,3,45,39,13,17,21,16,14,3,46,48,46,18,46,27,15,34,16,41,46,11,2,19,33,4,43,3,33,22,24,6,30,38,35,10,43,12,15,47,28,15:49:43.478
17,11,23,35,12,37,3,48,33,13,49,42,45,40,14,3,28,14,38,8,6,11,32,32,29,38,6,9,10,16,42,49,20,17,31,12,35,44,32,23,30,42,46,16,4,15:49:43.531
39,3,12,1,16,1,2,43,45,16,46,8,37,30,20,4,20,36,30,7,44,8,47,3,45,39,46,12,3,9,36,10,4,36,9,24,3,15,20,38,37,33,32,39,23,15:49:43.582
31,43,36,17,5,2,49,49,12,7,47,29,48,8,4,26,38,24,45,13,35,34,14,39,34,23,30,42,42,28,22,27,5,47,14,32,40,27,43,19,25,8,40,17,10,15:49:43.637
45,47,32,1,41,35,3,39,46,4,24,18,7,13,3,2,45,45,27,21,21,49,20,4,26,2,35,38,10,18,14,2,36,1,36,9,20,2,49,49,5,6,45,26,49,15:49:43.691
46,46,49,10,39,17,48,47,21,22,21,1,23,33,2,29,27,39,16,24,39,47,38,36,26,14,34,26,31,49,42,13,23,45,42,47,48,28,43,28,49,19,39,1,37,15:49:43.743
12,27,42,41,35,46,9,20,28,3,12,33,49,6,1,10,37,2,33,37,38,35,43,17,2,22,27,20,49,21,32,18,22,34,39,29,40,48,13,5,12,34,33,21,47,15:49:43.794
38,37,23,32,42,37,46,38,11,9,43,42,16,33,29,16,13,5,32,34,25,26,46,30,24,32,34,23,1,12,45,16,31,43,2,2,39,12,16,37,27,43,48,45,26,15:49:43.850
27,32,31,47,33,40,1,37,48,26,16,10,44,19,16,16,1,21,47,22,19,47,28,3,24,33,27,47,40,26,33,45,21,31,15,10,45,49,2,45,15,25,35,8,8,15:49:43.901
15,13,33,38,14,15,45,48,8,12,47,10,14,40,3,49,17,38,14,39,15,45,34,1,46,37,18,23,24,15,3,1,23,20,19,38,15,41,47,38,17,47,8,45,7,15:49:43.957
28,34,8,13,5,42,33,14,33,10,24,35,10,35,43,39,42,4,36,31,16,20,45,25,21,8,24,27,15,43,49,34,24,14,4,5,11,39,2,48,27,39,30,42,41,15:49:44.012
20,29,11,40,35,41,16,4,23,15,23,3,36,46,39,36,2,24,48,41,23,41,25,18,38,31,24,18,29,21,46,6,34,45,41,37,34,19,22,17,14,16,25,19,37,15:49:44.064
42,12,4,1,21,16,49,39,7,48,43,47,49,15,19,8,34,2,15,16,36,16,7,33,27,39,36,25,8,36,40,6,28,5,47,14,18,29,18,30,14,38,23,5,21,15:49:44.117
15,27,16,10,6,7,19,46,37,16,1,32,36,26,40,39,8,28,8,5,6,25,5,49,15,28,8,19,7,7,9,26,38,44,48,1,11,28,18,4,4,21,29,29,38,15:49:44.171
9,38,14,4,44,47,35,15,24,1,9,15,11,8,6,17,48,24,17,9,24,34,18,36,21,26,3,38,6,24,42,45,30,49,6,33,34,30,21,48,38,46,28,36,13,15:49:44.224
9,42,42,46,22,32,17,14,31,26,37,10,41,37,22,10,20,36,47,34,12,38,23,24,49,39,29,17,28,31,21,38,20,34,34,35,7,35,29,8,12,38,41,22,14,15:49:44.278
10,1,47,23,30,9,49,48,44,30,13,8,45,30,34,33,18,10,22,8,8,30,13,43,43,37,40,20,40,14,12,21,44,42,16,9,11,2,11,39,44,7,31,2,7,15:49:44.331
42,16,3,26,47,32,41,3,21,37,3,3,28,22,25,11,38,22,26,18,15,16,40,21,18,12,39,4,30,47,36,3,24,41,29,39,13,31,32,2,39,42,22,3,18,15:49:44.385
6,38,20,8,42,29,43,37,13,15,16,20,28,48,30,32,1,49,47,6,46,4,40,37,17,17,14,24,11,21,16,41,18,36,49,26,48,23,19,17,29,5,14,44,35,15:49:44.441
41,36,48,8,29,47,4,49,7,42,47,25,32,47,4,49,37,16,30,34,42,5,12,30,41,10,14,20,4,38,49,2,34,9,39,11,38,9,29,25,16,35,44,41,40,15:49:44.494
11,24,23,23,5,28,8,3,34,10,3,28,45,24,14,30,33,38,44,43,39,12,16,12,3,41,6,22,2,33,47,29,40,35,25,1,15,30,27,18,25,24,13,48,20,15:49:44.545
23,2,13,11,44,38,18,19,23,12,6,9,47,27,6,9,25,39,28,29,22,41,34,25,49,48,33,16,40,4,31,38,20,35,17,30,6,42,38,2,19,14,37,10,37,15:49:44.599
18,32,14,20,21,12,30,25,10,12,42,34,22,25,32,44,33,27,49,34,33,3,33,38,31,25,31,18,11,22,29,39,30,29,9,31,44,2,17,32,21,33,1,42,37,15:49:44.651
7,36,43,3,19,36,34,11,19,23,41,14,24,24,33,42,7,32,7,14,1,14,15,2,47,35,43,2,36,15,8,38,11,44,8,18,32,16,26,33,41,49,28,31,15,15:49:44.702
16,17,1,35,2,36,10,22,43,13,49,46,25,38,27,48,18,39,49,34,1,47,37,29,16,1,8,15,31,22,17,14,31,33,21,25,40,18,14,25,10,45,36,26,42,15:49:44.757
41,9,15,17,19,49,44,37,41,41,48,16,44,27,17,2,23,19,38,33,44,45,30,4,21,46,16,7,18,12,26,24,39,9,44,15,46,7,41,46,16,2,2,31,45,15:49:44.810
37,38,15,34,18,31,21,48,31,1,27,39,13,24,5,12,30,14,13,13,49,48,24,6,26,49,19,10,16,8,33,46,28,12,46,35,47,17,38,36,16,45,24,30,17,15:49:44.864
23,26,29,29,19,32,37,22,49,6,48,39,49,1,29,20,46,47,42,12,38,37,39,24,43,28,27,48,13,45,45,33,3,37,5,33,43,2,39,10,48,34,27,49,42,15:49:44.918
26,27,21,4,19,31,49,12,47,49,11,46,12,8,44,29,39,35,9,4,32,6,41,34,1,32,10,7,29,28,40,12,19,21,39,49,10,39,13,39,1,22,18,3,8,15:49:44.971
47,33,45,25,8,2,42,29,45,38,15,47,1,19,11,33,23,44,8,32,22,2,35,49,36,36,21,43,32,24,33,46,2,17,43,7,47,9,5,48,14,31,19,39,24,15:49:45.025
48,28,44,23,5,6,7,17,20,12,39,45,4,48,5,40,26,46,15,7,8,44,34,46,29,48,7,47,43,41,26,44,2,27,23,22,4,44,18,8,38,14,43,7,39,15:49:45.081
4,5,11,29,25,37,28,8,34,43,2,21,4,18,16,28,17,48,42,22,30,2,15,42,40,6,27,20,48,37,44,42,42,22,49,30,19,46,17,24,2,40,13,18,33,15:49:45.132
28,40,37,17,49,25,39,39,5,33,32,25,19,36,31,27,21,28,43,39,23,14,3,8,22,38,17,46,37,17,49,17,41,9,8,29,48,37,33,19,34,17,17,41,44,15:49:45.185
12,4,45,35,20,37,36,18,11,10,37,9,34,2,21,47,19,27,9,29,6,36,14,2,15,31,1,8,3,1,45,30,33,16,11,35,12,5,7,32,16,34,21,10,9,15:49:45.240
34,31,48,39,15,16,7,37,15,28,27,9,49,4,42,25,20,31,28,16,40,37,23,12,38,38,15,20,17,3,49,45,28,29,3,37,15,5,3,34,29,43,46,40,37,15:49:45.292
41,18,18,33,12,8,1,30,1,49,18,6,1,39,21,30,43,31,40,3,25,4,14,7,22,9,46,19,42,32,37,30,14,41,45,8,10,25,7,28,5,3,46,15,35,15:49:45.347
8,1,15,35,46,24,1,38,49,33,11,43,28,15,47,4,36,41,2,41,1,37,38,2,12,31,2,6,36,30,20,17,21,23,13,35,40,29,25,46,40,7,28,12,36,15:49:45.398
4,41,35,49,44,34,48,49,28,42,12,13,8,14,32,46,19,38,21,27,17,21,41,28,19,14,40,16,6,24,1,18,25,44,13,14,2,15,47,33,2,5,42,42,39,15:49:45.455
35,45,38,6,35,47,5,41,18,45,12,40,44,13,25,31,8,46,35,12,49,11,10,25,20,13,32,1,12,23,12,34,47,21,2,27,22,4,13,43,17,45,25,43,44,15:49:45.508
37,15,24,30,44,33,1,35,11,28,40,4,1,21,39,33,30,6,13,35,18,16,23,4,40,24,27,36,1,10,28,40,20,26,20,23,35,28,1,35,7,11,7,21,29,15:49:45.560
6,20,30,8,28,6,32,31,18,42,22,18,40,31,12,14,4,31,9,44,1,26,32,32,41,26,43,25,18,21,4,41,19,43,14,3,39,28,29,13,35,26,40,4,12,15:49:45.614
44,6,10,18,8,35,7,25,24,28,5,28,3,14,7,11,48,14,40,46,16,39,28,13,8,1,3,11,37,37,3,30,34,45,29,24,43,40,38,36,28,9,42,15,9,15:49:45.667
44,2,14,7,48,38,29,37,13,29,28,46,4,30,15,25,5,11,6,40,40,30,7,28,28,18,1,7,16,8,19,34,14,45,4,16,18,39,45,31,42,20,2,45,48,15:49:45.719
11,17,1,31,6,31,23,40,34,40,43,14,28,8,3,40,28,12,21,17,8,28,19,32,31,24,42,9,8,32,7,18,28,8,5,39,26,46,5,13,4,36,25,11,31,15:49:45.774
38,32,20,7,24,11,41,4,5,13,28,14,34,13,31,3,2,2,20,1,42,5,28,17,32,45,23,2,44,24,12,22,12,41,31,16,14,30,29,42,40,9,9,39,22,15:49:45.825
21,11,19,2,14,25,10,33,16,12,49,41,28,47,3,46,6,33,13,35,37,31,14,24,37,22,17,40,28,17,44,41,41,36,15,13,40,4,41,45,38,31,18,45,41,15:49:45.876
27,49,3,15,9,13,6,49,18,32,21,21,37,47,47,39,30,28,28,43,2,26,19,6,8,2,48,47,45,27,37,11,39,39,22,46,22,24,36,17,40,17,44,34,7,15:49:45.928
44,33,41,29,16,13,15,18,27,28,43,15,18,18,1,11,10,44,35,4,12,17,9,6,10,5,14,19,35,22,40,28,46,18,43,27,27,32,35,7,42,8,13,38,5,15:49:45.982
27,20,8,47,45,40,44,46,45,43,21,15,38,42,2,28,40,49,37,20,15,2,2,27,18,39,3,46,35,3,28,34,48,30,37,37,2,20,26,4,32,48,25,5,25,15:49:46.038
36,16,32,11,38,49,16,19,8,3,22,14,24,32,7,6,22,23,45,8,15,16,14,45,36,7,34,26,44,24,29,10,2,43,48,7,31,47,13,36,20,17,31,47,48,15:49:46.094
15,45,8,42,30,33,40,47,23,5,13,5,19,1,2,4,39,41,15,32,46,49,27,47,40,2,42,13,16,15,23,21,30,19,20,23,12,34,23,31,17,18,22,34,45,15:49:46.147
37,8,20,5,1,23,28,19,36,21,30,28,38,12,14,34,2,48,34,31,7,37,15,42,19,2,31,30,34,20,42,38,35,45,40,7,24,39,27,44,46,26,20,9,2,15:49:46.204
23,2,18,27,48,34,25,7,30,49,10,35,29,29,47,9,3,44,36,15,48,41,5,35,36,2,23,1,37,40,34,7,22,25,3,47,8,43,13,29,6,2,39,31,1,15:49:46.259
28,11,25,26,17,31,33,10,25,5,11,21,40,4,8,46,25,38,42,9,12,15,26,40,14,31,12,1,43,36,6,21,37,42,11,49,34,36,19,27,29,36,34,17,43,15:49:46.314
40,30,34,35,20,2,30,47,13,11,48,12,45,47,42,17,7,14,5,40,20,13,34,4,32,13,4,30,11,25,36,38,13,2,48,1,26,20,10,15,26,16,18,38,8,15:49:46.365
1,37,35,6,17,3,41,21,49,46,23,13,9,40,44,25,40,23,26,22,6,8,13,30,1,30,44,18,25,41,12,49,34,20,33,46,28,47,2,3,49,46,37,13,13,15:49:46.420
20,19,47,45,28,48,22,45,34,17,17,15,34,32,3,22,10,32,40,18,6,9,29,21,41,31,42,12,12,11,32,16,5,18,28,15,12,47,27,27,20,33,46,13,39,15:49:46.474
37,43,32,26,32,9,24,46,47,16,29,18,25,46,14,49,12,10,11,39,15,4,19,36,4,1,30,30,22,31,15,22,37,47,11,27,10,31,40,14,47,34,40,30,7,15:49:46.526
13,44,30,31,8,36,40,35,41,42,20,2,45,15,43,45,19,7,33,48,1,27,43,18,29,22,48,14,37,16,47,1,10,29,5,26,46,23,12,23,28,11,27,41,34,15:49:46.578
15,34,6,44,12,1,6,25,30,36,49,14,3,40,6,29,46,22,44,30,17,17,3,43,27,24,8,41,17,38,37,27,9,24,43,28,23,24,2,43,5,20,16,38,5,15:49:46.633
41,38,26,20,33,28,22,27,7,14,38,29,1,14,18,30,39,37,12,17,15,19,43,25,18,34,6,7,41,42,45,28,42,9,42,9,18,29,34,14,7,46,44,43,14,15:49:46.689
5,3,7,44,22,29,38,14,44,2,8,34,10,26,10,40,11,16,24,6,47,47,21,24,16,32,49,22,4,27,2,35,23,26,47,48,49,48,45,4,23,3,5,39,3,15:49:46.741
28,45,14,13,44,11,38,22,15,1,25,8,19,20,42,49,29,42,15,24,34,31,39,39,32,8,2,44,33,1,36,2,3,22,19,16,19,15,38,20,34,13,40,12,18,15:49:46.792
39,39,15,43,26,5,19,44,49,19,29,44,23,47,16,22,39,27,21,49,43,15,17,13,7,11,39,1,39,16,1,20,21,10,11,11,40,43,5,28,29,14,20,18,12,15:49:46.847
10,21,49,42,41,36,39,14,7,13,38,6,14,1,1,14,1,21,15,49,39,15,33,15,40,5,1,43,8,3,29,26,8,43,7,39,45,32,6,33,24,9,14,33,41,15:49:46.900
28,39,48,10,8,45,26,29,14,39,25,22,8,26,20,44,25,47,5,46,8,13,45,6,38,20,45,26,44,9,22,11,22,26,45,43,42,41,49,37,14,9,6,47,29,15:49:46.952
17,15,15,40,22,42,43,5,29,30,9,33,4,12,11,4,46,18,17,9,26,38,39,15,45,10,4,23,32,31,15,42,24,45,47,18,5,10,46,32,3,46,17,1,35,15:49:47.008
7,40,28,22,40,29,1,40,27,49,32,12,35,14,40,38,10,22,33,25,9,36,36,37,6,37,42,18,13,32,22,1,43,27,44,20,28,11,7,28,48,44,39,21,16,15:49:47.059
46,40,22,30,37,2,31,34,6,15,46,8,22,31,40,23,17,10,48,9,12,39,7,15,22,16,7,44,18,38,27,1,42,44,4,5,13,26,35,29,26,13,27,23,17,15:49:47.110
5,29,19,45,42,2,21,32,46,36,30,32,42,48,26,34,9,33,13,36,15,47,13,26,17,35,21,34,2,9,36,23,24,21,7,44,35,18,39,6,31,11,42,27,36,15:49:47.162
35,47,43,3,13,21,24,26,31,4,39,16,30,29,6,1,16,14,26,25,40,46,41,26,36,10,20,22,34,5,28,20,42,23,48,30,9,30,16,4,24,25,14,20,24,15:49:47.217
40,42,29,36,23,11,21,9,29,43,38,38,47,29,46,26,39,31,6,1,49,44,35,27,10,35,30,20,10,26,32,8,38,16,18,39,18,26,29,2,10,3,22,31,19,15:49:47.269
12,42,8,49,26,27,23,26,18,20,6,30,49,47,24,47,42,25,6,34,36,28,17,6,31,42,33,46,36,30,48,34,22,1,18,1,4,46,20,26,49,9,29,4,6,15:49:47.325
45,5,44,19,30,34,40,31,34,39,16,8,27,8,40,48,6,4,38,33,42,18,20,18,24,15,17,35,20,41,26,27,9,18,45,46,5,8,24,43,9,44,35,37,13,15:49:47.377
49,9,46,16,21,33,37,9,30,10,16,18,9,28,47,47,13,18,46,34,5,20,39,7,17,33,41,4,27,36,15,48,44,33,43,34,38,46,24,3,27,14,3,22,21,15:49:47.429
40,6,25,43,37,33,4,42,25,43,46,39,45,14,47,15,47,42,23,30,28,42,19,46,20,35,8,37,42,8,36,6,38,16,42,48,28,36,14,34,41,42,7,31,16,15:49:47.481
26,13,35,5,16,1,49,16,19,22,43,26,8,9,20,13,16,46,34,12,7,6,14,24,30,1,1,46,42,21,49,37,32,48,17,48,44,17,3,33,3,39,4,49,42,15:49:47.535
8,10,1,32,42,10,22,45,15,22,10,25,3,34,27,46,48,37,24,9,13,45,44,47,25,43,19,27,24,11,43,6,11,14,39,39,14,25,32,41,3,6,7,48,49,15:49:47.588
27,13,41,20,27,8,8,39,16,44,43,4,18,18,31,15,28,5,38,46,39,16,1,8,48,24,33,44,49,7,6,31,22,38,43,32,47,49,14,39,19,42,26,18,42,15:49:47.642
39,4,16,43,47,17,28,37,44,11,40,47,36,45,2,11,44,1,31,38,7,13,49,23,35,33,37,25,13,27,35,34,36,11,1,42,31,25,16,15,46,28,41,22,32,15:49:47.697
20,41,13,27,23,39,34,18,38,46,12,39,46,17,9,4,5,21,11,49,18,29,27,29,3,7,11,25,48,41,42,35,11,25,33,37,9,15,32,4,16,8,13,12,33,15:49:47.752
15,24,30,29,42,6,5,37,7,21,14,16,39,45,24,40,9,26,22,10,20,26,6,49,2,13,20,30,27,29,44,33,34,16,13,41,19,24,33,36,33,6,10,27,37,15:49:47.807
17,23,14,13,37,47,29,6,1,37,7,23,44,42,6,6,16,30,48,49,8,5,34,36,20,7,22,40,6,33,47,12,6,29,20,22,3,38,20,26,25,32,26,20,35,15:49:47.863
42,44,35,17,46,49,1,1,23,44,40,19,38,48,38,30,10,35,23,36,35,49,47,37,1,31,1,26,1,27,6,36,42,38,37,25,33,28,20,29,38,8,8,39,8,15:49:47.918
29,44,7,8,22,25,49,10,17,6,17,6,43,16,37,36,38,8,21,37,44,11,42,22,5,33,16,8,23,15,28,40,18,35,17,46,48,34,28,14,36,13,28,27,47,15:49:47.974
31,43,21,48,49,1,45,49,12,21,14,41,4,30,40,24,3,18,37,11,16,27,43,15,28,20,43,28,32,43,49,1,23,22,38,16,49,17,42,23,45,37,9,35,34,15:49:48.025
24,49,32,41,13,12,25,36,25,40,16,3,41,7,31,43,9,11,12,45,27,45,2,18,32,4,32,7,43,17,39,12,40,7,18,20,5,40,24,14,30,22,33,14,1,15:49:48.078
18,30,46,48,33,42,43,27,17,22,41,20,44,33,8,21,1,35,16,19,5,10,26,31,48,23,14,23,42,29,1,40,41,48,22,44,26,6,36,3,14,42,26,45,16,15:49:48.135
38,2,2,27,45,23,3,17,18,33,30,11,49,28,31,7,28,17,47,5,7,37,18,23,9,44,28,21,49,46,9,27,9,40,5,8,14,33,15,11,15,1,49,19,10,15:49:48.191
36,5,32,22,18,25,16,18,24,40,32,35,17,23,35,38,31,22,36,38,1,35,11,21,37,37,2,37,43,4,44,1,13,4,8,47,26,12,40,29,25,47,47,24,30,15:49:48.243
28,34,38,3,3,23,37,48,43,18,30,43,21,15,18,7,45,27,48,40,29,2,10,7,48,44,12,13,25,40,45,29,38,43,40,22,34,2,33,46,10,37,28,29,10,15:49:48.299
41,19,22,45,19,15,30,26,43,33,35,22,7,14,41,30,35,30,16,37,42,1,4,6,43,28,8,33,23,23,28,14,31,22,4,4,29,25,15,46,14,31,10,34,7,15:49:48.354
18,15,36,23,24,37,6,3,16,12,18,16,29,26,19,44,7,18,19,39,15,39,11,22,9,13,43,11,47,8,49,36,17,43,38,29,1,17,10,35,41,12,22,5,38,15:49:48.408
8,44,23,16,11,20,5,32,27,49,21,6,12,49,42,15,45,31,48,37,47,29,48,41,46,39,33,47,7,9,42,49,2,21,37,33,34,28,21,19,32,19,46,11,49,15:49:48.462
15,42,46,25,43,9,17,33,32,34,46,41,22,12,24,13,23,42,47,29,6,3,26,39,11,46,15,49,32,30,47,19,13,45,19,12,48,43,40,25,19,24,4,15,20,15:49:48.517
23,11,11,28,30,12,49,24,30,27,23,35,1,39,39,4,11,9,10,16,2,20,25,11,36,28,42,46,24,16,28,15,12,48,14,14,13,30,25,41,20,15,30,32,45,15:49:48.572
9,11,20,9,6,9,49,44,14,32,7,30,46,49,9,17,32,22,45,38,40,9,9,24,3,15,20,36,36,38,4,8,29,37,5,39,41,31,37,16,15,25,38,4,48,15:49:48.626
6,42,30,39,49,22,41,21,33,35,6,26,35,35,43,47,35,23,7,43,39,24,40,31,5,23,39,13,17,34,19,14,36,39,1,2,14,34,2,2,41,7,26,20,32,15:49:48.680
26,23,34,3,26,41,10,16,6,45,48,16,44,38,28,39,47,26,24,16,40,43,1,21,48,19,43,41,37,6,34,32,31,4,43,47,24,9,48,6,40,2,24,13,23,15:49:48.731
1,20,27,6,12,26,16,20,31,21,39,12,4,4,40,38,7,42,38,25,30,3,43,35,25,13,35,5,43,26,12,15,12,27,22,23,26,20,49,4,39,46,39,39,4,15:49:48.786
38,31,39,23,38,8,13,30,42,40,37,28,31,21,3,12,41,11,49,42,46,18,35,35,15,46,32,27,23,31,48,39,34,7,17,49,10,7,40,27,9,14,22,27,37,15:49:48.842
14,2,10,27,12,37,14,24,14,17,11,44,43,11,39,29,45,38,30,28,35,3,2,17,19,20,42,21,6,30,43,40,22,24,2,15,48,12,34,30,12,4,41,45,2,15:49:48.894
17,32,34,21,11,33,17,23,13,26,13,31,21,13,27,29,18,23,27,5,46,29,39,38,13,4,38,49,16,6,4,22,46,13,27,13,23,11,49,4,30,27,37,38,37,15:49:48.949
37,40,33,32,42,46,32,2,22,44,27,39,3,7,31,11,9,36,11,13,22,32,25,6,3,35,43,29,49,46,42,47,19,46,14,21,29,20,6,14,37,35,1,4,48,15:49:49.005
32,42,49,31,34,29,33,45,20,42,25,25,45,30,47,15,5,38,29,32,14,36,17,41,34,46,6,18,27,4,19,29,39,48,26,47,49,10,33,36,43,48,6,22,21,15:49:49.059
22,38,20,31,11,8,15,20,49,2,41,40,42,45,28,20,5,25,35,25,17,6,39,14,4,18,12,5,42,31,28,44,45,5,38,7,19,47,40,36,24,6,12,46,38,15:49:49.114
25,5,29,17,13,22,17,7,35,36,42,46,1,9,36,21,8,7,7,25,7,3,15,3,8,37,34,39,29,3,48,5,30,16,20,21,29,27,4,37,2,17,43,4,15,15:49:49.165
22,36,2,27,25,11,28,11,5,37,21,12,37,22,39,16,40,12,23,13,6,6,14,40,33,44,26,27,29,47,32,18,3,2,11,14,28,8,31,15,1,19,35,43,2,15:49:49.220
23,29,8,4,43,16,36,41,9,4,44,23,36,47,39,12,23,36,40,40,4,23,16,17,27,36,26,8,21,44,6,39,13,1,19,2,40,35,5,47,40,29,13,27,20,15:49:49.274
39,29,36,24,16,16,16,14,38,7,2,30,1,41,48,24,20,18,31,27,43,45,41,20,28,15,49,32,9,44,46,37,40,22,49,38,37,29,22,4,45,17,36,48,35,15:49:49.326
9,49,28,32,20,19,2,15,3,4,7,9,23,15,14,4,18,24,24,4,40,39,9,10,42,48,4,27,11,43,42,31,37,38,41,8,6,44,3,34,40,3,16,39,23,15:49:49.378
33,15,39,25,19,9,8,20,48,10,38,13,2,27,31,8,23,29,28,36,10,14,20,31,35,46,4,9,41,6,28,24,46,34,48,23,47,39,8,21,46,12,26,11,38,15:49:49.433
22,43,3,47,20,13,22,21,45,14,27,5,21,19,28,46,23,5,8,2,35,48,26,31,7,47,24,7,13,34,23,12,21,29,10,4,31,38,30,8,39,46,5,5,39,15:49:49.488
29,6,47,46,20,34,36,24,46,16,14,46,26,4,19,32,46,13,49,38,27,33,43,11,23,15,11,9,24,3,48,32,26,23,32,31,39,33,49,41,43,6,43,4,49,15:49:49.544
15,1,28,21,47,29,36,14,19,18,9,29,4,29,45,31,35,37,20,33,48,20,23,15,4,5,28,1,41,19,5,36,28,32,9,6,31,47,49,29,35,46,21,30,34,15:49:49.602
23,39,23,36,43,40,7,1,35,29,17,49,20,18,16,5,24,12,29,30,26,6,28,33,4,49,5,23,22,22,17,12,25,12,39,24,18,38,22,4,29,21,1,16,27,15:49:49.658
34,8,17,9,37,46,17,25,39,7,42,21,22,41,45,36,29,1,27,11,29,8,14,35,12,34,14,25,35,34,12,48,43,32,44,45,5,36,30,41,16,35,10,19,21,15:49:49.711
31,13,26,46,32,38,36,11,40,13,35,49,22,12,42,41,3,18,20,40,37,35,19,49,8,47,35,48,11,41,33,43,18,31,47,6,12,28,29,43,13,45,34,3,22,15:49:49.764
5,4,17,49,39,1,13,19,40,5,25,18,20,49,24,16,16,26,32,47,13,19,7,49,25,37,16,35,21,43,49,14,27,30,41,29,22,44,34,44,25,1,19,9,30,15:49:49.816
21,28,36,8,10,4,6,46,29,13,38,37,7,41,37,31,38,22,4,18,41,47,46,18,37,27,22,48,47,36,23,25,20,19,11,45,21,13,42,34,42,49,47,31,37,15:49:49.870
20,33,45,5,26,4,19,29,23,28,46,30,11,20,49,44,11,5,49,11,39,18,26,49,48,8,26,4,25,10,16,34,21,8,18,34,33,49,19,49,3,29,22,29,11,15:49:49.926
18,42,9,38,31,35,6,34,12,23,46,27,11,1,4,42,34,29,41,40,6,46,21,4,14,23,44,16,17,32,5,43,25,46,29,1,12,23,34,4,23,12,36,28,7,15:49:49.977
20,40,36,13,18,21,23,17,11,9,37,9,10,6,45,28,8,32,39,44,45,7,17,42,38,41,9,4,47,30,35,31,35,22,25,4,47,42,35,38,36,24,30,23,16,15:49:50.032
24,10,48,26,43,14,18,30,40,41,36,18,13,14,31,13,35,35,40,9,44,25,7,43,24,47,44,14,4,32,14,11,17,48,44,21,34,23,35,31,35,36,28,49,19,15:49:50.087
24,28,8,32,4,33,6,44,17,32,7,32,41,18,33,22,14,1,38,26,20,34,4,12,49,15,35,30,1,22,5,37,26,22,18,2,16,21,19,38,25,36,9,34,44,15:49:50.143
35,32,6,43,26,2,14,8,31,5,21,3,39,8,21,32,43,24,40,20,20,11,38,27,29,16,30,27,48,1,25,27,1,32,38,3,15,48,41,42,34,11,17,37,7,15:49:50.194
47,26,14,6,11,39,7,2,39,48,20,31,47,32,32,17,47,13,21,15,47,40,23,31,43,33,11,31,22,29,43,3,20,6,31,8,22,15,42,10,23,30,3,23,43,15:49:50.250
47,9,27,32,45,6,4,43,12,6,8,8,7,30,32,44,40,31,44,32,3,23,31,25,5,33,7,36,9,44,33,33,46,33,7,40,23,49,31,28,12,36,5,37,27,15:49:50.306
1,20,26,37,35,43,32,18,23,5,5,8,42,39,7,38,28,14,20,5,21,24,46,2,32,31,49,7,28,38,15,10,39,2,4,45,18,26,11,9,34,26,19,5,23,15:49:50.361
39,16,32,24,37,8,22,18,5,34,42,27,44,32,41,30,40,39,46,26,21,26,28,34,11,10,41,31,21,42,28,7,28,44,33,34,13,15,43,34,1,34,29,48,42,15:49:50.417
27,25,3,15,16,35,6,10,38,44,5,32,7,47,15,11,32,48,47,33,42,6,28,30,13,10,34,8,16,23,16,25,36,15,36,26,25,33,37,2,18,29,26,31,10,15:49:50.470
3,28,11,36,19,20,47,34,40,48,34,45,16,29,7,5,49,45,31,5,33,18,41,37,5,7,34,21,13,11,24,40,5,49,27,25,7,27,43,36,10,42,40,34,37,15:49:50.524
32,19,19,1,10,18,13,30,6,46,25,16,34,44,7,19,21,24,25,40,5,15,34,6,16,44,6,44,30,10,15,16,28,46,18,5,36,42,32,8,18,2,48,12,36,15:49:50.580
12,13,27,40,26,33,4,30,34,31,26,17,44,43,49,22,5,27,17,22,3,12,41,11,32,2,45,23,14,49,49,46,11,19,39,40,7,22,32,31,13,33,16,3,30,15:49:50.631
47,3,35,35,35,24,27,4,37,12,12,46,11,42,25,32,32,43,29,26,23,37,25,11,47,9,46,22,36,39,29,48,23,41,17,46,34,13,4,36,40,39,1,17,31,15:49:50.683
17,14,24,17,14,14,24,33,7,25,2,49,38,2,39,42,17,35,2,36,27,21,39,21,27,34,12,48,20,35,22,22,16,15,18,23,22,41,28,43,47,4,9,49,44,15:49:50.734
19,39,2,12,34,15,38,42,42,3,20,49,3,26,26,35,12,1,38,35,44,6,40,4,14,31,27,8,40,48,23,49,15,13,34,41,10,43,42,17,28,24,28,34,8,15:49:50.790
29,17,22,44,40,12,8,44,36,1,24,27,45,44,42,31,36,25,31,18,36,30,21,6,40,21,40,24,37,7,23,19,12,2,48,11,22,32,33,6,43,44,22,24,21,15:49:50.843
9,15,49,18,34,40,30,27,32,47,3,14,24,39,10,41,8,35,49,39,20,31,11,19,20,39,45,14,38,3,44,38,33,13,4,49,8,49,2,17,46,14,1,40,23,15:49:50.897
29,3,13,2,20,46,4,9,10,14,30,25,48,49,17,9,38,6,35,35,40,36,11,34,31,40,42,26,15,23,46,39,7,24,40,25,20,45,31,30,7,39,46,27,44,15:49:50.950
7,9,2,31,19,7,16,31,17,37,26,10,13,25,23,5,6,7,35,3,9,49,13,43,2,17,7,6,16,35,33,8,49,31,5,49,16,35,44,24,39,44,41,49,23,15:49:51.004
5,44,15,42,34,23,39,22,27,49,22,7,28,9,43,11,38,48,7,33,4,38,10,2,6,34,35,3,41,36,5,44,11,34,13,37,37,30,24,4,7,47,42,45,45,15:49:51.058
11,11,9,39,29,12,8,42,2,33,28,27,48,43,4,45,2,1,11,4,46,48,37,11,32,11,36,33,17,32,21,19,7,5,9,29,28,34,29,3,32,10,28,15,31,15:49:51.109
28,40,23,21,31,36,36,25,22,40,45,15,13,37,45,10,5,2,15,47,25,1,8,33,20,28,43,39,34,18,49,33,8,47,3,48,8,6,22,29,34,10,41,47,29,15:49:51.164
47,2,43,6,32,38,33,38,30,47,19,31,11,31,34,47,9,44,12,36,20,1,40,29,16,40,27,33,4,5,27,46,6,32,45,46,4,18,18,22,17,8,39,11,42,15:49:51.216
28,7,8,45,14,31,29,37,22,25,31,29,23,4,1,15,42,22,44,39,11,26,37,31,20,24,25,2,41,6,4,11,38,32,42,8,14,5,28,47,46,3,41,47,20,15:49:51.268
14,5,20,6,43,18,8,44,21,44,24,27,32,37,26,49,10,39,14,48,22,37,33,6,32,23,12,15,9,39,35,3,25,19,22,20,4,16,28,7,3,23,31,15,11,15:49:51.322
34,25,49,46,4,36,8,37,27,38,11,39,32,1,47,32,38,44,27,34,14,29,22,33,7,2,1,35,8,42,29,11,4,8,14,41,1,26,6,32,17,38,25,33,40,15:49:51.374
6,6,34,41,41,41,33,22,48,19,13,30,5,46,49,26,31,18,35,23,8,29,31,4,35,41,44,48,5,24,49,8,26,27,17,10,8,5,8,12,3,22,49,37,25,15:49:51.427
7,40,28,38,15,47,39,9,26,23,31,22,19,38,14,38,47,33,9,9,8,48,27,16,20,44,13,22,8,5,2,6,1,38,30,7,33,33,7,44,10,4,8,8,47,15:49:51.483
33,42,42,1,19,39,36,7,19,32,4,42,37,22,7,45,25,36,44,43,45,10,1,26,48,27,1,49,3,15,43,13,30,20,10,18,45,40,49,39,3,13,37,19,5,15:49:51.538
4,16,32,24,28,7,38,6,24,38,46,5,46,37,24,16,47,7,5,19,26,24,9,4,45,11,47,20,1,2,28,9,12,5,39,12,26,9,20,22,12,11,44,15,45,15:49:51.591
12,8,33,29,33,14,34,14,44,34,40,4,27,30,6,42,12,9,17,21,4,29,20,48,8,5,47,27,31,16,34,49,5,11,37,10,35,36,17,13,42,10,4,4,39,15:49:51.642
6,20,15,8,3,30,21,17,5,44,27,26,45,39,43,38,47,9,39,34,48,23,23,13,32,2,41,40,26,32,24,22,35,6,30,9,23,40,48,41,17,44,13,36,17,15:49:51.697
25,25,31,22,7,23,13,36,22,42,43,33,13,30,17,43,14,38,18,1,18,3,40,17,31,34,23,11,7,45,47,37,19,39,8,18,4,2,20,9,31,31,20,4,33,15:49:51.749
7,36,23,31,36,30,37,12,33,26,29,12,4,10,26,19,31,38,43,6,35,11,48,17,19,11,7,15,46,44,19,19,48,5,15,31,38,48,41,26,12,11,36,49,4,15:49:51.800
18,6,22,21,36,17,6,21,14,40,13,42,32,16,3,23,11,29,16,11,32,36,7,22,19,10,25,49,26,23,29,15,40,1,22,15,25,30,49,1,3,47,32,6,22,15:49:51.856
3,5,27,24,38,17,32,34,20,26,41,15,32,19,6,24,6,22,14,40,36,12,10,19,42,12,24,24,16,2,2,34,26,19,22,48,10,44,1,32,40,15,24,24,38,15:49:51.908
41,38,8,44,43,40,41,27,22,9,23,37,9,12,9,30,20,46,24,46,38,11,18,8,2,37,29,23,49,33,37,13,20,35,36,22,7,26,49,46,46,34,37,19,49,15:49:51.964
40,18,4,38,24,29,15,26,30,22,36,7,3,41,23,13,18,13,8,23,3,17,44,5,29,17,28,8,32,47,38,36,9,31,16,2,41,13,13,42,44,6,36,33,7,15:49:52.020
1,41,4,3,34,4,45,25,14,39,24,3,34,22,35,15,33,29,34,6,45,12,12,49,23,1,49,38,35,5,43,18,19,23,26,49,13,6,13,19,49,49,36,27,26,15:49:52.072
10,33,45,23,9,19,37,27,35,38,25,6,42,24,30,11,25,44,38,43,5,6,33,4,22,49,44,21,42,41,49,23,24,32,30,16,37,27,6,42,42,10,3,34,12,15:49:52.124
23,31,1,5,26,33,20,36,49,34,18,2,1,25,6,40,9,3,12,28,43,26,33,18,42,40,43,10,13,8,7,19,45,36,26,49,41,6,38,27,22,7,28,9,29,15:49:52.180
8,10,20,10,18,9,11,17,37,23,23,37,1,36,20,9,14,38,15,16,43,45,34,32,44,35,4,34,16,1,20,13,42,25,43,14,12,6,33,45,2,22,40,5,6,15:49:52.233
44,15,28,34,21,29,6,41,23,45,25,23,47,17,31,16,29,12,34,6,5,32,14,8,39,36,19,36,16,31,30,37,30,17,8,7,4,18,18,17,13,36,27,31,47,15:49:52.288
7,25,34,41,22,12,4,24,6,45,40,22,2,31,19,36,41,22,49,44,13,37,15,30,38,41,44,32,1,19,18,43,12,23,17,11,1,34,42,40,42,11,38,8,22,15:49:52.344
30,30,28,34,13,8,14,42,32,40,18,47,12,6,22,4,39,6,48,34,45,35,7,22,32,30,17,21,32,9,13,49,25,26,32,24,46,35,6,17,45,44,5,26,10,15:49:52.395
12,48,33,37,1,49,41,4,13,28,32,44,20,16,33,12,49,32,46,17,6,49,42,48,25,13,49,15,2,33,22,46,27,33,44,29,43,17,16,10,32,45,49,45,37,15:49:52.447
27,22,29,16,5,48,31,29,16,42,6,19,12,36,35,18,18,42,45,32,21,20,14,17,25,18,44,41,41,28,13,23,44,1,23,42,34,31,24,39,16,25,12,43,3,15:49:52.502
23,15,39,9,42,13,12,22,19,43,49,32,21,29,18,1,44,21,40,38,22,28,24,19,49,22,25,5,18,46,28,24,11,17,21,1,47,26,28,43,16,26,40,8,20,15:49:52.558
19,47,7,33,40,4,25,47,45,26,2,7,39,35,34,9,28,6,48,11,35,45,13,8,23,5,17,25,39,17,47,34,36,18,4,45,28,41,22,8,31,42,32,18,40,15:49:52.613
28,46,6,8,12,41,17,24,49,43,9,39,25,4,45,22,40,42,49,38,19,41,34,41,40,47,13,11,15,23,41,13,48,17,4,33,18,16,35,48,48,42,25,12,2,15:49:52.673
28,19,17,41,10,22,8,26,24,11,38,9,24,45,10,16,49,38,25,49,34,12,47,7,35,35,26,13,34,37,31,7,25,20,44,48,9,43,17,37,21,22,25,1,13,15:49:52.724
3,48,3,36,23,3,21,27,15,34,38,21,34,2,36,33,43,33,34,25,26,30,13,33,31,12,16,28,11,45,45,10,19,26,33,39,43,19,12,33,1,2,42,46,26,15:49:52.778
14,10,40,5,26,12,11,13,25,25,24,5,49,38,43,40,38,46,23,13,48,12,20,29,2,6,33,23,42,27,11,35,41,18,4,28,28,34,15,15,36,38,45,42,28,15:49:52.830
14,2,37,23,18,12,10,10,19,45,45,31,9,30,24,47,48,38,19,41,49,37,9,18,27,10,19,36,32,7,41,32,32,43,13,8,44,3,33,17,5,8,34,38,5,15:49:52.883
39,17,10,21,2,31,44,42,2,44,41,25,20,4,48,49,8,31,48,4,29,30,39,14,22,46,5,15,19,37,38,41,13,43,48,14,38,6,7,16,33,3,9,5,2,15:49:52.939
29,3,27,37,37,18,5,23,32,13,18,7,21,46,33,13,47,25,28,5,38,12,43,15,40,31,13,6,45,14,21,27,27,46,48,20,42,32,10,18,1,49,48,18,7,15:49:52.994
17,35,23,22,33,19,21,41,30,2,4,41,3,25,41,8,49,36,36,36,3,27,22,12,45,14,17,20,5,38,21,22,24,20,20,4,19,5,30,20,45,26,38,34,45,15:49:53.045
47,37,26,30,25,45,12,44,30,2,6,8,1,3,16,23,10,15,44,29,35,36,40,18,8,9,28,37,34,19,27,32,32,6,2,24,3,36,42,18,44,9,24,17,5,15:49:53.100
25,31,11,26,33,16,19,35,9,7,43,15,6,23,35,19,21,17,49,40,37,37,11,38,27,21,20,7,21,22,35,44,13,9,28,49,15,38,32,44,13,20,48,17,26,15:49:53.155
49,36,2,1,14,28,34,44,33,47,11,40,40,47,29,1,42,4,12,12,44,13,33,45,4,28,45,46,37,32,26,20,46,36,4,14,5,12,4,25,13,48,7,34,36,15:49:53.208
18,34,29,39,45,13,8,3,36,14,18,45,25,37,5,31,46,13,39,49,20,11,44,25,44,14,8,10,26,48,33,40,13,5,48,35,14,36,13,5,43,25,29,20,46,15:49:53.260
37,8,30,47,14,4,37,24,15,9,14,45,11,8,27,26,30,33,40,28,38,38,23,18,15,12,5,49,29,34,38,19,11,40,15,13,19,33,27,36,22,5,17,20,33,15:49:53.312
18,19,38,40,48,11,32,30,46,20,33,11,6,22,26,11,15,28,32,46,5,29,8,2,26,43,49,22,9,48,19,31,8,41,3,10,28,10,33,8,32,26,8,30,46,15:49:53.366
43,46,24,9,46,26,8,6,24,34,10,25,26,46,46,12,37,34,21,31,33,21,35,8,5,39,46,33,27,24,15,13,3,6,29,25,35,17,49,10,12,16,47,4,26,15:49:53.418
28,7,49,15,38,39,27,4,42,15,48,28,8,26,12,48,9,15,46,1,14,43,29,1,17,29,46,1,5,24,20,18,42,38,33,17,4,45,11,26,49,36,4,34,12,15:49:53.471
46,11,46,28,27,30,7,27,3,46,37,32,25,46,30,8,47,39,45,25,15,34,28,44,46,43,19,13,48,39,5,27,6,19,23,36,43,21,19,49,9,24,45,46,19,15:49:53.524
43,34,7,25,24,17,29,23,13,14,39,8,30,24,26,33,30,42,26,47,16,30,39,41,36,40,39,19,13,34,9,24,6,16,5,1,14,16,14,31,46,28,34,12,46,15:49:53.577
22,41,24,46,46,42,3,19,44,17,14,41,33,20,4,37,44,42,47,31,32,17,36,7,26,6,30,32,7,3,40,6,4,46,27,22,28,44,33,30,16,25,11,36,13,15:49:53.632
16,18,35,45,43,26,36,16,5,18,16,31,31,43,40,39,14,47,43,3,21,42,23,28,48,35,11,7,12,44,34,39,4,44,23,7,23,28,27,2,16,7,46,25,20,15:49:53.689
11,31,1,2,15,14,28,6,6,25,14,35,26,11,35,14,46,43,24,5,49,16,33,46,35,41,36,37,25,14,38,41,2,43,14,21,48,33,21,47,21,43,32,38,35,15:49:53.741
43,27,34,45,4,4,30,30,26,18,35,25,48,3,29,25,40,43,32,17,40,16,30,13,8,49,46,30,4,40,22,42,26,20,35,25,11,34,41,25,36,42,6,43,21,15:49:53.794
45,23,21,45,33,34,30,3,20,6,48,21,6,25,22,36,49,34,12,28,40,29,46,17,32,23,17,18,13,29,23,31,16,6,14,20,6,23,33,48,44,39,5,5,9,15:49:53.845
14,45,38,38,2,14,19,38,1,31,16,31,47,18,46,43,6,40,32,24,47,38,39,10,20,16,6,20,9,6,33,47,25,4,21,16,4,9,32,20,44,42,34,36,17,15:49:53.901
45,25,37,22,22,2,4,17,39,47,38,46,22,30,9,22,21,14,49,26,5,37,13,19,15,22,8,24,8,12,19,36,32,6,23,18,36,48,45,25,19,5,23,18,10,15:49:53.957
34,14,26,49,14,13,19,41,5,35,45,36,2,35,31,7,24,11,2,13,39,26,45,18,8,12,16,40,33,4,14,3,32,8,44,38,4,44,19,30,26,48,15,16,44,15:49:54.011
4,28,40,29,38,13,15,18,30,5,10,7,11,19,30,46,9,24,45,7,31,40,24,22,12,24,48,10,48,8,29,42,14,37,25,43,10,8,44,48,31,19,15,9,34,15:49:54.067
32,41,48,28,14,14,36,34,11,43,23,32,4,41,18,42,14,25,28,12,47,3,38,31,32,8,27,21,25,45,46,38,46,4,35,3,42,10,19,35,19,17,4,39,21,15:49:54.120
17,3,34,23,36,48,31,22,9,2,8,10,44,23,49,30,43,5,32,25,37,34,21,36,9,28,46,38,39,15,26,3,49,15,27,16,31,3,2,12,32,26,49,30,1,15:49:54.174
46,3,34,4,20,48,9,5,44,21,19,6,4,9,16,17,18,37,5,17,7,47,22,16,20,39,26,7,35,48,25,39,7,37,10,38,22,33,47,25,27,32,19,18,46,15:49:54.229
29,30,7,4,48,21,20,19,11,41,31,34,13,40,1,2,30,7,49,6,49,19,36,12,19,9,26,12,20,23,10,6,20,2,3,20,28,43,44,8,26,2,29,42,49,15:49:54.282
49,2,38,31,36,28,4,43,39,40,41,10,35,34,20,3,42,26,37,3,3,24,40,33,28,40,45,16,28,14,36,4,20,26,45,20,7,45,33,30,14,26,16,3,20,15:49:54.334
3,10,6,9,23,10,40,19,12,48,16,21,14,48,48,49,21,36,31,18,30,22,12,18,17,14,9,30,37,7,4,18,16,21,17,21,42,14,25,15,40,5,23,8,29,15:49:54.390
24,36,32,14,42,49,41,6,1,27,28,2,35,13,48,21,28,2,33,3,44,46,48,14,41,25,14,1,18,16,26,24,22,17,15,36,34,49,36,18,23,11,41,9,25,15:49:54.444
42,23,41,5,14,28,15,31,14,33,31,42,22,17,40,44,4,34,40,14,6,31,30,8,30,21,6,7,30,38,21,8,43,24,35,16,43,9,48,49,30,3,23,14,39,15:49:54.497
19,33,2,1,6,45,1,38,38,28,11,28,41,19,9,23,10,25,2,3,42,39,1,15,3,38,26,44,45,15,4,28,33,39,9,6,31,44,22,43,32,10,14,45,12,15:49:54.553
10,11,45,38,33,11,36,34,47,21,33,32,20,18,14,42,45,48,12,6,14,28,39,19,4,6,15,34,20,45,23,33,41,36,31,45,14,41,37,33,44,1,5,38,40,15:49:54.608
1,4,6,30,28,25,39,32,24,22,20,42,23,30,38,3,36,41,39,13,41,9,13,42,21,42,20,17,17,44,16,31,10,1,44,33,32,17,15,21,39,28,41,43,24,15:49:54.659
16,22,12,26,5,26,8,2,36,14,3,31,35,7,22,32,17,5,43,43,16,30,36,13,14,17,47,26,36,37,36,7,45,36,23,32,46,21,13,18,49,26,45,23,6,15:49:54.714
5,36,43,32,36,12,29,36,27,10,35,41,18,39,44,24,11,24,23,18,16,18,28,18,12,23,40,35,28,7,5,18,3,6,36,19,16,30,31,36,43,22,25,12,41,15:49:54.770
28,43,45,5,11,15,9,34,15,5,30,18,4,32,5,29,39,13,19,42,27,48,11,19,37,39,12,17,5,26,38,15,30,6,42,13,4,48,44,2,13,10,34,48,11,15:49:54.827
7,12,29,19,20,28,40,25,46,30,48,16,23,35,24,8,28,34,6,39,12,30,2,30,2,19,40,7,27,4,48,1,22,2,9,35,44,38,22,41,39,26,16,37,5,15:49:54.880
19,29,36,11,27,5,33,46,46,3,41,47,32,15,34,4,39,25,49,29,45,1,6,47,14,29,8,18,17,34,2,15,39,9,24,23,3,29,23,21,13,13,46,49,20,15:49:54.931
11,1,17,47,29,6,26,47,45,20,24,43,17,40,18,16,28,32,42,16,16,8,23,25,35,44,21,21,46,25,34,27,27,36,45,8,21,30,24,4,46,33,22,10,29,15:49:54.986
41,21,7,34,10,26,41,18,23,35,22,27,21,8,39,8,23,41,44,14,46,5,41,37,5,8,16,7,33,38,15,11,18,1,12,26,25,23,37,14,48,49,15,17,20,15:49:55.042
2,35,26,42,36,7,27,9,27,19,16,49,11,25,11,16,21,25,19,47,49,39,30,31,22,17,26,41,39,48,44,11,45,45,1,1,8,2,8,33,31,1,41,48,3,15:49:55.098
25,33,43,32,39,26,46,31,20,22,45,45,23,9,20,7,37,45,35,48,33,13,8,1,15,33,16,38,13,8,29,32,33,29,25,3,25,42,1,7,37,17,4,33,46,15:49:55.150
36,29,37,2,44,5,13,33,27,26,33,38,44,31,30,28,32,41,38,30,49,2,15,8,7,48,41,29,18,10,3,32,23,36,42,4,11,35,13,28,30,39,4,40,40,15:49:55.201
21,12,23,13,18,35,8,25,21,10,12,33,31,26,17,21,36,11,30,35,35,41,27,25,43,34,28,46,38,22,11,49,15,49,17,30,13,19,9,40,46,43,31,3,19,15:49:55.257
11,22,36,36,1,45,44,17,34,37,45,18,1,11,39,13,22,36,4,34,31,37,1,40,25,10,8,8,34,43,7,27,26,45,35,24,6,17,10,31,1,45,11,30,33,15:49:55.309
26,18,3,31,9,17,32,10,42,37,27,28,49,44,3,34,4,17,12,32,42,4,6,13,22,6,38,28,40,18,4,21,36,45,7,41,18,1,37,29,22,30,20,15,32,15:49:55.361
33,26,15,26,12,17,6,20,33,44,49,46,1,30,25,28,34,49,17,13,3,1,34,30,2,8,39,8,1,42,41,28,32,15,24,7,32,14,36,26,44,32,23,43,33,15:49:55.416
19,9,6,4,25,38,12,43,21,46,16,17,15,4,2,2,14,4,4,43,47,24,22,10,38,33,8,18,17,7,19,18,10,45,36,22,20,20,8,4,35,22,26,18,29,15:49:55.470
44,20,35,8,43,14,25,39,48,40,48,31,37,17,20,34,48,6,22,38,38,12,28,12,14,20,8,19,3,8,48,42,49,43,24,10,2,29,45,16,49,9,26,15,22,15:49:55.521
48,38,27,9,7,40,7,18,23,20,22,22,16,15,9,6,39,16,5,49,18,25,7,47,4,48,44,48,40,20,34,47,15,20,48,31,46,34,30,5,34,5,44,37,39,15:49:55.574
22,41,41,32,15,1,18,46,47,16,29,33,11,35,11,36,19,4,41,37,12,22,12,10,10,41,2,7,2,22,39,47,17,1,23,14,47,3,37,21,47,11,40,29,15,15:49:55.629
47,2,16,28,29,33,23,14,26,31,41,35,3,39,30,7,49,2,15,33,9,41,2,49,24,3,15,33,29,49,3,4,7,8,32,7,26,49,45,2,47,49,49,18,14,15:49:55.684
26,25,18,4,40,48,8,22,32,13,21,30,42,44,7,14,47,5,41,16,26,30,43,26,47,21,9,1,34,13,4,6,43,18,16,40,44,25,27,18,31,36,30,38,24,15:49:55.743
37,1,41,44,41,28,2,1,32,4,34,38,19,39,29,5,29,37,46,22,34,47,18,2,7,35,25,33,41,49,33,38,5,25,20,29,40,12,1,1,1,12,49,23,40,15:49:55.795
35,32,19,27,4,28,37,4,21,18,41,21,32,41,8,37,18,43,31,22,3,11,15,49,29,5,28,48,24,47,2,6,17,20,29,30,31,22,38,6,31,29,49,6,38,15:49:55.849
40,41,16,47,41,8,5,2,28,6,43,47,49,42,27,42,2,47,2,11,17,41,45,6,8,37,20,22,19,40,8,42,23,35,40,11,21,9,40,34,14,10,16,13,19,15:49:55.904
26,34,27,38,23,35,15,12,14,38,34,31,34,26,16,32,25,8,20,35,16,15,3,16,20,9,49,22,3,46,12,46,26,38,35,11,22,32,11,4,15,11,10,23,12,15:49:55.957
6,34,24,24,46,12,33,3,8,38,18,46,3,6,41,16,34,28,29,43,23,11,17,34,12,9,10,38,32,49,32,25,32,17,12,41,15,44,42,49,2,12,10,31,10,15:49:56.011
31,1,28,16,45,6,47,46,32,29,49,31,39,12,26,3,14,8,16,27,36,11,1,27,41,17,38,14,10,45,45,34,6,19,37,36,14,49,5,29,30,18,35,32,11,15:49:56.064
5,5,36,12,17,42,28,47,15,23,8,17,20,24,37,45,30,27,35,35,29,17,39,27,28,33,46,49,48,35,22,18,33,29,15,18,12,11,31,7,4,28,5,32,45,15:49:56.118
34,7,15,13,18,20,38,16,20,38,11,13,32,18,20,24,46,5,38,32,25,48,16,33,11,45,31,38,1,39,37,41,33,39,23,20,32,29,33,22,10,42,1,46,38,15:49:56.173
1,20,14,13,38,48,45,22,18,44,28,14,26,29,36,11,17,15,38,25,25,11,14,27,40,16,41,6,46,8,6,39,43,39,31,40,28,22,8,16,23,43,11,48,30,15:49:56.226
29,19,49,12,49,2,27,34,38,14,31,23,35,2,33,20,45,20,43,26,49,26,6,37,40,13,33,27,7,41,47,12,28,6,1,30,6,5,25,25,42,36,46,44,26,15:49:56.282
6,45,34,3,12,14,9,12,11,36,6,48,38,41,6,26,40,38,18,19,8,14,19,41,29,31,12,7,32,33,40,4,42,22,35,8,8,14,15,41,48,47,34,20,35,15:49:56.337
21,24,17,31,33,28,27,31,10,46,47,17,18,47,4,20,16,19,29,31,27,35,13,12,25,46,36,26,46,18,45,26,23,17,38,47,42,22,47,41,19,47,28,22,18,15:49:56.391
9,25,30,14,12,2,8,8,43,37,36,34,45,49,26,10,7,32,4,15,29,2,1,7,9,31,6,9,38,23,28,26,25,27,14,22,32,34,25,15,40,25,29,17,39,15:49:56.442
27,48,49,43,31,32,2,34,48,27,28,34,38,37,5,23,32,34,31,20,29,44,45,14,13,22,47,37,30,7,36,23,46,8,37,22,4,33,45,13,28,48,12,22,42,15:49:56.495
12,17,26,31,4,14,37,26,38,3,11,21,12,8,41,7,41,45,16,43,37,24,19,16,8,40,16,1,46,9,43,41,38,19,9,24,6,8,14,12,42,35,33,21,44,15:49:56.548
48,49,2,38,25,45,31,49,14,17,36,9,29,23,42,6,16,11,36,29,33,37,27,30,46,27,23,33,27,45,21,7,49,9,8,1,33,48,36,32,30,14,15,45,33,15:49:56.600
20,30,25,47,37,47,30,36,16,24,37,47,40,3,20,49,30,29,27,26,43,3,29,26,16,4,3,4,7,24,14,49,45,6,31,42,36,25,15,43,30,46,20,46,10,15:49:56.656
48,37,21,36,49,26,26,3,11,26,7,3,27,20,40,32,16,25,10,23,47,33,38,23,17,36,41,35,29,2,8,22,13,14,10,1,15,33,44,31,42,48,46,29,35,15:49:56.712
36,22,15,4,8,48,40,3,48,2,38,41,45,30,3,41,13,43,12,29,2,12,43,5,12,5,34,47,12,39,25,35,20,7,21,31,32,10,13,14,7,33,14,3,38,15:49:56.766
36,42,10,28,31,7,33,42,6,46,34,19,23,46,26,12,7,20,23,26,19,25,10,14,38,29,49,21,19,1,16,24,35,45,32,46,4,37,24,29,8,35,47,1,7,15:49:56.819
13,24,14,1,11,1,47,45,33,33,17,8,35,33,9,16,38,46,18,48,46,47,23,22,49,36,36,18,40,48,22,25,44,39,34,31,47,7,21,15,43,29,42,8,5,15:49:56.874
31,14,37,41,49,20,10,16,2,22,24,38,29,13,7,15,7,25,46,16,20,27,25,46,30,32,34,31,19,19,39,3,38,25,20,49,42,39,21,27,37,2,6,38,5,15:49:56.925
12,23,29,14,6,42,32,45,40,41,6,30,32,43,33,10,46,10,28,30,48,48,26,39,35,37,43,25,41,36,20,28,26,44,35,37,23,31,28,49,30,45,30,34,42,15:49:56.977
48,11,49,49,10,16,42,8,3,49,34,25,14,32,8,39,41,30,6,13,36,3,17,21,5,29,35,31,4,21,31,41,7,30,47,18,14,4,13,35,35,24,34,20,7,15:49:57.029
40,12,46,39,16,41,1,37,5,44,23,10,22,31,28,37,13,34,7,36,29,1,30,47,8,12,43,19,9,12,41,23,4,28,21,47,48,39,33,2,13,49,15,1,32,15:49:57.083
38,49,32,31,1,30,3,27,4,39,7,25,15,20,27,38,2,25,42,12,49,25,8,1,29,34,16,8,9,30,9,3,32,45,26,25,21,16,31,44,25,20,40,3,26,15:49:57.136
5,12,33,46,48,36,45,24,17,44,13,9,18,5,10,9,16,18,15,8,6,9,9,22,4,46,13,15,3,15,24,43,20,43,1,10,5,17,33,36,34,47,37,21,5,15:49:57.191
13,25,42,15,27,18,38,31,26,48,44,3,43,43,38,43,19,8,5,40,48,12,24,32,20,29,25,17,28,9,27,42,22,11,10,35,42,16,4,45,27,40,37,15,15,15:49:57.247
49,48,14,41,35,6,1,40,45,41,12,2,3,38,41,21,2,23,18,11,14,2,6,16,40,38,48,35,39,10,37,17,15,10,30,17,46,24,6,29,25,14,33,7,17,15:49:57.299
37,48,1,14,5,22,10,42,43,6,28,18,1,1,21,39,18,14,28,19,2,11,45,6,19,42,18,15,43,33,30,2,37,9,17,23,17,19,21,22,46,28,34,13,4,15:49:57.353
26,16,17,49,16,18,48,14,29,14,31,25,33,9,12,10,37,40,9,1,42,22,23,29,17,31,39,6,24,15,10,39,16,42,43,45,45,24,11,16,21,34,22,16,41,15:49:57.407
16,8,9,43,29,37,19,2,2,14,14,10,6,7,9,8,22,7,23,27,40,41,27,27,20,35,11,28,3,35,15,4,14,38,46,27,11,43,1,24,3,24,13,5,32,15:49:57.459
26,21,32,47,22,44,3,10,42,43,23,20,35,12,43,31,21,48,41,29,19,28,23,48,40,17,27,15,44,19,9,38,42,20,17,16,35,25,25,29,3,7,1,15,6,15:49:57.510
40,31,44,25,17,25,6,40,14,47,16,26,41,8,28,19,24,25,45,32,37,15,36,34,16,1,37,23,16,34,45,13,9,22,30,36,25,6,39,43,46,23,24,47,31,15:49:57.565
39,19,6,49,37,40,14,4,40,9,48,11,34,3,27,39,10,21,46,25,21,3,8,20,12,41,14,45,20,10,15,21,14,5,3,13,9,23,32,37,43,15,45,45,12,15:49:57.620
12,20,39,24,41,1,40,39,25,14,39,2,45,16,48,47,49,40,44,29,36,34,46,19,18,5,18,39,39,6,30,43,15,16,31,32,21,41,42,42,31,27,11,34,43,15:49:57.674
42,7,13,11,23,5,18,39,16,16,40,34,22,8,28,43,20,28,23,3,33,30,8,40,17,32,37,22,49,43,31,25,30,30,18,7,5,6,3,16,11,6,18,5,26,15:49:57.728
10,10,35,37,19,3,6,42,20,25,43,47,47,41,27,11,26,45,23,25,17,5,27,49,20,7,16,31,26,25,8,42,39,40,48,25,14,30,34,17,3,45,24,23,32,15:49:57.786
26,13,23,17,34,34,37,45,33,28,42,12,39,28,34,2,41,1,3,27,29,3,47,4,37,39,35,20,39,27,17,27,25,25,37,8,30,21,1,14,30,25,24,36,14,15:49:57.842
29,32,49,37,36,31,20,40,17,46,38,1,41,16,1,37,23,44,24,4,47,27,49,13,36,7,49,7,33,48,20,42,36,38,29,38,40,36,41,10,29,22,19,10,39,15:49:57.894
26,21,46,47,15,5,37,46,9,47,10,38,36,12,20,37,9,4,42,13,21,5,21,3,6,32,44,40,39,42,34,5,38,19,28,22,47,4,47,22,33,14,34,47,38,15:49:57.946
13,7,36,30,11,38,17,48,16,27,43,3,45,46,15,9,17,26,7,48,31,8,28,1,44,17,44,41,43,17,21,45,23,21,33,26,48,30,32,42,38,47,37,17,46,15:49:58.001
4,47,39,21,45,29,25,19,36,8,36,13,7,38,18,16,9,28,10,45,21,48,13,11,42,8,15,40,12,41,34,49,49,21,21,29,49,39,31,21,38,10,30,9,39,15:49:58.057
35,35,10,30,36,37,15,9,19,22,40,9,13,27,14,42,6,10,29,48,45,8,25,1,12,37,32,42,32,1,46,35,7,32,11,7,18,38,29,23,13,34,2,38,47,15:49:58.108
45,32,1,3,18,7,36,31,27,15,44,5,8,19,13,8,49,8,3,19,3,14,4,16,39,47,20,29,31,8,45,27,44,47,40,44,18,33,36,15,48,12,3,4,40,15:49:58.162
30,3,43,2,38,3,41,39,18,5,38,34,32,4,30,17,7,28,46,6,1,32,15,29,19,5,7,25,23,33,4,24,40,3,9,7,2,15,29,37,14,41,15,13,9,15:49:58.217
36,2,29,19,9,26,31,38,34,28,37,34,5,2,16,16,43,37,32,41,38,13,16,33,48,15,6,3,33,18,45,43,40,39,47,20,10,36,22,42,48,12,8,3,29,15:49:58.270
42,18,43,17,24,22,15,28,19,38,47,3,32,42,4,8,2,4,13,12,31,28,33,31,18,3,19,37,8,36,43,18,34,33,14,6,37,42,29,24,45,9,16,41,16,15:49:58.325
1,4,15,33,1,44,23,26,26,28,13,39,37,25,25,11,44,2,15,36,20,7,34,21,33,36,48,12,43,12,38,43,39,10,36,7,12,28,19,47,31,46,40,46,6,15:49:58.379
12,3,38,19,14,13,43,46,23,19,36,34,48,7,1,26,3,4,49,10,1,9,10,17,26,31,33,45,25,25,21,16,45,24,42,33,22,5,9,33,21,33,36,22,15,15:49:58.432
10,11,26,11,48,9,26,37,6,25,22,22,41,23,34,39,35,5,4,20,8,2,18,25,49,31,10,22,41,31,31,28,1,40,19,33,16,22,14,37,26,37,36,43,38,15:49:58.486
37,10,26,4,32,42,24,30,11,38,48,22,49,15,12,1,12,1,8,42,22,35,25,1,27,1,23,14,24,26,5,2,1,24,18,23,20,32,1,30,12,20,5,6,3,15:49:58.541
3,32,29,28,34,26,48,31,25,10,43,46,41,38,42,25,26,1,32,46,37,47,8,11,22,25,11,40,47,41,35,45,44,9,43,4,16,30,14,7,23,23,42,16,18,15:49:58.593
37,35,34,35,44,38,13,1,37,31,32,18,23,4,49,18,30,42,11,22,33,45,49,3,36,49,46,32,40,37,31,28,13,1,32,2,37,24,2,9,21,16,41,30,23,15:49:58.647
19,21,18,4,37,46,43,14,3,16,30,47,1,24,41,27,10,4,15,49,41,10,33,8,46,35,6,46,47,39,4,18,49,43,33,13,9,42,15,49,47,34,44,21,29,15:49:58.703
13,29,9,6,12,10,32,32,22,42,47,35,29,3,23,36,28,10,47,20,33,34,40,48,3,26,32,31,40,27,42,2,13,29,38,7,5,1,36,24,5,29,5,48,1,15:49:58.758
31,7,20,22,14,36,23,35,10,4,12,26,31,1,15,7,22,37,8,41,2,4,26,42,13,11,13,23,38,32,7,45,25,46,9,47,26,13,25,21,6,37,2,3,15,15:49:58.814
11,45,9,43,48,9,6,26,14,45,26,19,8,11,32,18,19,24,26,40,44,24,5,45,25,7,41,33,48,38,46,17,23,30,35,33,17,9,1,4,17,43,36,24,33,15:49:58.869
29,21,19,7,37,8,33,7,11,16,23,4,10,48,8,45,29,41,31,19,46,31,14,32,5,21,42,10,21,6,6,11,49,45,15,39,18,22,18,6,26,23,41,12,44,15:49:58.924
3,19,20,2,40,39,46,24,43,21,32,31,11,29,41,25,40,14,6,19,13,4,23,6,12,7,23,21,20,40,46,6,34,7,21,12,37,16,11,47,29,37,24,47,42,15:49:58.980
35,38,21,40,21,26,17,46,16,23,36,39,20,13,43,20,49,7,28,8,5,30,11,37,3,21,34,19,39,43,36,45,5,31,48,11,6,22,23,11,27,5,47,8,49,15:49:59.031
34,1,46,32,28,15,20,5,26,13,2,41,10,14,45,27,31,20,2,13,44,47,24,37,3,14,47,43,36,12,40,5,46,1,29,42,25,44,46,13,40,44,45,43,8,15:49:59.085
48,19,31,2,42,22,5,33,10,12,15,19,4,1,33,38,29,8,36,29,23,22,44,33,28,43,8,28,13,19,34,29,4,45,30,14,12,11,27,31,25,22,15,13,25,15:49:59.136
23,17,35,29,16,15,24,25,41,44,9,31,18,13,39,46,25,18,44,14,44,13,24,47,25,4,7,48,25,23,39,25,17,16,45,48,31,16,7,19,27,5,36,43,39,15:49:59.192
21,21,45,29,30,28,3,31,33,28,4,36,13,11,30,42,20,27,40,3,14,37,32,9,43,44,1,33,46,22,33,41,5,41,15,36,40,7,23,42,15,16,42,25,32,15:49:59.243
5,1,25,36,35,14,35,34,47,15,10,42,26,3,43,29,49,30,12,18,7,43,43,22,17,34,23,49,19,22,2,9,47,42,12,9,1,36,7,35,30,22,22,34,22,15:49:59.296
46,17,5,30,36,17,30,25,30,3,12,5,27,12,19,25,46,34,11,7,44,26,25,25,14,11,13,43,10,14,34,25,40,18,6,9,6,30,4,21,11,49,41,42,49,15:49:59.350
32,20,40,19,32,47,21,9,21,3,4,6,13,24,35,20,10,36,41,36,15,30,22,3,35,11,30,22,4,8,24,46,9,14,25,6,43,19,28,37,13,8,36,3,30,15:49:59.401
28,39,31,14,18,30,35,12,28,17,11,18,43,24,30,21,13,18,41,39,37,17,8,1,35,11,21,34,45,20,40,40,34,19,44,43,24,48,6,5,17,48,21,11,7,15:49:59.453
24,30,18,35,17,15,2,19,23,47,23,27,15,21,47,44,17,36,9,12,4,31,24,37,33,32,36,5,18,13,11,48,30,3,36,48,5,26,17,48,45,2,7,14,36,15:49:59.508
16,31,14,39,21,40,1,13,18,20,27,16,47,5,27,32,21,35,38,30,9,12,6,33,39,19,33,10,34,5,26,26,27,4,45,29,31,35,19,19,23,2,35,6,30,15:49:59.559
17,23,31,20,30,35,12,23,28,39,41,42,21,27,26,17,48,34,42,48,18,14,5,9,7,21,43,8,22,8,28,27,13,43,40,45,7,37,37,33,34,10,34,17,14,15:49:59.615
17,10,40,24,6,47,3,39,42,35,10,19,11,14,20,36,26,25,44,29,9,48,3,12,29,34,15,2,20,40,43,12,35,26,32,41,39,28,35,21,47,8,5,36,45,15:49:59.670
24,43,26,38,47,16,44,10,32,4,46,34,31,16,42,6,27,13,47,45,23,6,30,1,16,28,14,6,4,10,43,42,20,14,39,1,44,13,19,25,44,9,7,16,42,15:49:59.722
40,46,49,18,18,24,26,25,19,41,6,49,24,28,4,7,20,43,9,32,48,34,31,34,28,37,43,46,49,49,4,36,20,3,48,31,48,24,43,19,11,8,21,22,45,15:49:59.774
48,10,6,47,3,14,36,21,2,49,32,13,24,24,13,8,22,48,38,31,34,16,34,6,12,6,5,45,33,32,3,27,16,46,34,19,9,29,48,38,46,1,47,38,8,15:49:59.827
32,11,35,46,11,6,10,30,19,5,5,47,31,28,17,6,47,32,17,45,6,39,22,24,25,36,45,39,48,3,23,13,18,30,42,41,23,2,40,46,22,23,48,11,35,15:49:59.879
3,15,37,22,41,27,3,35,15,25,16,4,49,26,19,11,2,24,8,19,40,29,9,20,19,42,38,35,30,29,12,32,47,28,13,38,20,4,43,42,47,36,28,8,10,15:49:59.935
16,26,33,47,4,49,14,26,47,46,6,15,13,38,10,30,27,47,40,28,42,29,33,43,29,7,4,18,31,10,30,41,11,24,4,31,29,37,46,4,6,43,1,2,5,15:49:59.991
33,38,31,39,34,36,42,27,3,31,1,47,16,20,1,45,34,19,21,39,8,2,27,31,6,36,1,38,24,16,25,20,26,23,18,14,24,28,32,20,32,41,32,13,4,15:50:00.047
33,48,28,21,22,6,22,49,13,22,24,34,33,24,31,39,40,8,16,21,1,14,12,21,18,29,22,2,16,38,47,8,27,31,11,28,14,39,1,15,45,8,35,32,29,15:50:00.098
21,35,11,7,48,16,40,49,49,19,5,28,31,38,30,8,45,23,42,28,11,1,3,32,8,30,34,33,46,13,19,42,27,4,26,19,13,13,4,30,4,13,40,25,42,15:50:00.153
48,28,24,24,12,43,14,29,11,33,12,37,25,36,21,5,5,17,19,13,8,2,8,2,16,38,31,8,32,8,22,6,48,45,31,47,23,46,15,38,10,17,39,44,4,15:50:00.209
9,34,18,46,32,22,46,36,26,43,26,39,4,5,10,3,17,15,14,33,8,26,30,3,2,5,6,48,49,10,25,32,43,14,3,46,40,36,37,16,23,44,31,40,47,15:50:00.261
27,22,16,38,16,41,32,38,6,6,19,4,2,9,33,32,19,25,23,36,22,5,13,15,21,32,34,36,12,31,44,19,5,26,36,9,48,36,30,3,18,34,41,19,12,15:50:00.317
16,43,15,5,4,13,38,13,22,2,3,33,9,39,11,44,35,44,34,34,23,31,2,33,44,4,37,13,31,26,17,3,33,17,16,2,10,25,15,43,48,21,22,44,39,15:50:00.369
45,27,39,36,42,10,5,41,30,40,32,40,23,10,17,24,11,37,37,4,17,5,3,3,43,25,11,25,12,23,3,23,18,18,27,29,31,5,38,35,9,28,40,10,33,15:50:00.425
27,21,2,22,18,38,49,20,16,41,48,24,34,8,48,17,13,49,41,38,30,8,29,41,7,30,42,30,8,19,23,45,17,11,38,33,41,44,46,20,17,12,49,7,8,15:50:00.479
16,13,45,44,9,6,4,42,17,32,46,9,7,27,6,32,18,48,19,42,4,33,44,1,34,11,15,42,15,1,46,3,9,42,26,10,38,9,41,23,19,26,48,44,48,15:50:00.531
37,49,15,13,2,11,6,16,33,36,11,49,29,13,13,45,31,29,44,36,16,42,39,44,27,48,40,31,1,19,44,47,39,40,30,19,14,47,4,25,18,48,36,11,11,15:50:00.587
25,26,17,39,44,48,7,37,29,20,14,43,6,31,4,42,49,34,18,38,45,32,11,3,43,43,49,2,45,4,48,49,17,2,14,34,11,15,28,23,42,28,6,33,15,15:50:00.642
42,22,11,19,39,23,23,9,10,38,15,36,4,49,39,12,29,11,20,6,13,41,12,33,22,45,7,40,9,4,14,19,18,47,49,28,46,28,31,10,48,11,4,21,47,15:50:00.693
47,46,16,12,21,34,13,28,44,12,20,2,22,6,37,17,16,47,12,40,28,37,33,9,41,47,28,22,31,24,28,9,20,25,9,18,20,12,46,43,35,49,35,1,2,15:50:00.748
46,30,28,25,34,3,8,42,1,10,2,39,9,17,48,1,23,45,40,48,45,11,41,3,46,23,31,43,43,28,21,24,7,40,41,28,5,2,45,12,49,46,18,23,48,15:50:00.799
12,17,27,18,47,13,48,42,40,6,18,33,39,39,17,36,25,31,12,24,29,23,3,18,7,33,5,32,36,7,14,7,9,46,14,14,16,35,15,20,30,38,24,3,21,15:50:00.851
31,12,49,28,3,29,29,40,29,28,44,27,28,11,18,41,11,5,49,16,37,43,42,45,30,13,25,32,35,13,39,24,25,24,27,17,6,3,17,35,10,5,30,34,35,15:50:00.905
25,24,38,16,39,40,44,19,26,42,27,41,29,27,37,2,45,31,6,18,40,10,41,21,41,4,38,19,6,42,23,43,11,32,26,20,46,23,11,7,39,15,28,25,37,15:50:00.958
